source,trial_number,trial_code,harvest_season,planting_date,planting_order,planting_month,treatment_type,treatment,rep,n_spray,sev,sev_class,yld,defoliation,audpc,tkw,first_after_planting,spray1,spray2,spray3,spray4,spray5,spray6,1_2,2_3,3_4,4_5,5_6
DWSys,1,PG,2013,12/4/2012,3,Dec,Growth stage,CAL,1,3,35,High,2229.7,NA,NA,NA,44,1/17/2013,02/06/2013,02/22/2013,NA,NA,NA,20,16,NA,NA,NA
DWSys,1,PG,2013,12/4/2012,3,Dec,Growth stage,CAL,2,3,43,High,1735.04,NA,NA,NA,44,1/17/2013,02/06/2013,02/22/2013,NA,NA,NA,20,16,NA,NA,NA
DWSys,1,PG,2013,12/4/2012,3,Dec,Growth stage,CAL,3,3,41,High,2277.9,NA,NA,NA,44,1/17/2013,02/06/2013,02/22/2013,NA,NA,NA,20,16,NA,NA,NA
DWSys,1,PG,2013,12/4/2012,3,Dec,Growth stage,CAL,4,3,42,High,2190.58,NA,NA,NA,44,1/17/2013,02/06/2013,02/22/2013,NA,NA,NA,20,16,NA,NA,NA
DWSys,1,PG,2013,12/4/2012,3,Dec,Rainfall,DSV50,1,3,33,High,2649.6,NA,NA,NA,45,1/18/2013,02/10/2013,03/05/2013,NA,NA,NA,23,23,NA,NA,NA
DWSys,1,PG,2013,12/4/2012,3,Dec,Rainfall,DSV50,2,3,36,High,2255.24,NA,NA,NA,45,1/18/2013,02/10/2013,03/05/2013,NA,NA,NA,23,23,NA,NA,NA
DWSys,1,PG,2013,12/4/2012,3,Dec,Rainfall,DSV50,3,3,37,High,2591.14,NA,NA,NA,45,1/18/2013,02/10/2013,03/05/2013,NA,NA,NA,23,23,NA,NA,NA
DWSys,1,PG,2013,12/4/2012,3,Dec,Rainfall,DSV50,4,3,35,High,3035.27,NA,NA,NA,45,1/18/2013,02/10/2013,03/05/2013,NA,NA,NA,23,23,NA,NA,NA
DWSys,1,PG,2013,12/4/2012,3,Dec,Rainfall,DSV80,1,2,25,High,2752.76,NA,NA,NA,73,2/15/2013,03/14/2013,NA,NA,NA,NA,27,NA,NA,NA,NA
DWSys,1,PG,2013,12/4/2012,3,Dec,Rainfall,DSV80,2,2,31,High,2317.22,NA,NA,NA,73,2/15/2013,03/14/2013,NA,NA,NA,NA,27,NA,NA,NA,NA
DWSys,1,PG,2013,12/4/2012,3,Dec,Rainfall,DSV80,3,2,30,High,2907,NA,NA,NA,73,2/15/2013,03/14/2013,NA,NA,NA,NA,27,NA,NA,NA,NA
DWSys,1,PG,2013,12/4/2012,3,Dec,Rainfall,DSV80,4,2,34,High,2255.92,NA,NA,NA,73,2/15/2013,03/14/2013,NA,NA,NA,NA,27,NA,NA,NA,NA
DWSys,1,PG,2013,12/4/2012,3,Dec,None,UNT,1,0,100,High,1029.6,NA,NA,NA,NA,NA,NA,NA,NA,NA,NA,NA,NA,NA,NA,NA
DWSys,1,PG,2013,12/4/2012,3,Dec,None,UNT,2,0,100,High,1180.3,NA,NA,NA,NA,NA,NA,NA,NA,NA,NA,NA,NA,NA,NA,NA
DWSys,1,PG,2013,12/4/2012,3,Dec,None,UNT,3,0,99,High,1298.6,NA,NA,NA,NA,NA,NA,NA,NA,NA,NA,NA,NA,NA,NA,NA
DWSys,1,PG,2013,12/4/2012,3,Dec,None,UNT,4,0,100,High,1106.8,NA,NA,NA,NA,NA,NA,NA,NA,NA,NA,NA,NA,NA,NA,NA
DWSys,2,SAP,2013,12/11/2012,3,Dec,Growth stage,CAL,1,3,49,High,2598.22,NA,NA,NA,36,01/16/2013,02/05/2013,02/22/2013,NA,NA,NA,20,17,NA,NA,NA
DWSys,2,SAP,2013,12/11/2012,3,Dec,Growth stage,CAL,2,3,30.5,High,4292.31,NA,NA,NA,36,01/16/2013,02/05/2013,02/22/2013,NA,NA,NA,20,17,NA,NA,NA
DWSys,2,SAP,2013,12/11/2012,3,Dec,Growth stage,CAL,3,3,40.5,High,3541.91,NA,NA,NA,36,01/16/2013,02/05/2013,02/22/2013,NA,NA,NA,20,17,NA,NA,NA
DWSys,2,SAP,2013,12/11/2012,3,Dec,Growth stage,CAL,4,3,43,High,3196.44,NA,NA,NA,36,01/16/2013,02/05/2013,02/22/2013,NA,NA,NA,20,17,NA,NA,NA
DWSys,2,SAP,2013,12/11/2012,3,Dec,Rainfall,DSV50,1,3,8.9,High,3294,NA,NA,NA,44,01/24/2013,02/14/2013,03/07/2013,NA,NA,NA,21,21,NA,NA,NA
DWSys,2,SAP,2013,12/11/2012,3,Dec,Rainfall,DSV50,2,3,3.5,High,3699.05,NA,NA,NA,44,01/24/2013,02/14/2013,03/07/2013,NA,NA,NA,21,21,NA,NA,NA
DWSys,2,SAP,2013,12/11/2012,3,Dec,Rainfall,DSV50,3,3,10.2,High,3148.76,NA,NA,NA,44,01/24/2013,02/14/2013,03/07/2013,NA,NA,NA,21,21,NA,NA,NA
DWSys,2,SAP,2013,12/11/2012,3,Dec,Rainfall,DSV50,4,3,16,High,3235.56,NA,NA,NA,44,01/24/2013,02/14/2013,03/07/2013,NA,NA,NA,21,21,NA,NA,NA
DWSys,2,SAP,2013,12/11/2012,3,Dec,Rainfall,DSV80,1,3,32.5,High,3459.64,NA,NA,NA,44,01/24/2013,02/13/2013,03/15/2013,NA,NA,NA,20,30,NA,NA,NA
DWSys,2,SAP,2013,12/11/2012,3,Dec,Rainfall,DSV80,2,3,27,High,3223.08,NA,NA,NA,44,01/24/2013,02/13/2013,03/15/2013,NA,NA,NA,20,30,NA,NA,NA
DWSys,2,SAP,2013,12/11/2012,3,Dec,Rainfall,DSV80,3,3,29.5,High,3632.26,NA,NA,NA,44,01/24/2013,02/13/2013,03/15/2013,NA,NA,NA,20,30,NA,NA,NA
DWSys,2,SAP,2013,12/11/2012,3,Dec,Rainfall,DSV80,4,3,30.5,High,2660.71,NA,NA,NA,44,01/24/2013,02/13/2013,03/15/2013,NA,NA,NA,20,30,NA,NA,NA
DWSys,2,SAP,2013,12/11/2012,3,Dec,None,UNT,1,0,100,High,1204.6,NA,NA,NA,NA,NA,NA,NA,NA,NA,NA,NA,NA,NA,NA,NA
DWSys,2,SAP,2013,12/11/2012,3,Dec,None,UNT,2,0,100,High,1190.7,NA,NA,NA,NA,NA,NA,NA,NA,NA,NA,NA,NA,NA,NA,NA
DWSys,2,SAP,2013,12/11/2012,3,Dec,None,UNT,3,0,100,High,1173.5,NA,NA,NA,NA,NA,NA,NA,NA,NA,NA,NA,NA,NA,NA,NA
DWSys,2,SAP,2013,12/11/2012,3,Dec,None,UNT,4,0,100,High,931.6,NA,NA,NA,NA,NA,NA,NA,NA,NA,NA,NA,NA,NA,NA,NA
DWSys,3,SAP,2013,1/31/2013,5,Feb,Growth stage,CAL,1,3,43,High,2838.21,NA,NA,NA,41,03/13/2013,04/03/2013,04/19/2013,NA,NA,NA,21,16,NA,NA,NA
DWSys,3,SAP,2013,1/31/2013,5,Feb,Growth stage,CAL,2,3,39.5,High,3151.12,NA,NA,NA,41,03/13/2013,04/03/2013,04/19/2013,NA,NA,NA,21,16,NA,NA,NA
DWSys,3,SAP,2013,1/31/2013,5,Feb,Growth stage,CAL,3,3,33.5,High,3313.96,NA,NA,NA,41,03/13/2013,04/03/2013,04/19/2013,NA,NA,NA,21,16,NA,NA,NA
DWSys,3,SAP,2013,1/31/2013,5,Feb,Growth stage,CAL,4,3,42.5,High,NA,NA,NA,NA,41,03/13/2013,04/03/2013,04/19/2013,NA,NA,NA,21,16,NA,NA,NA
DWSys,3,SAP,2013,1/31/2013,5,Feb,Rainfall,DSV80,1,3,24.5,High,2751.15,NA,NA,NA,34,03/06/2013,03/21/2013,04/10/2013,NA,NA,NA,15,20,NA,NA,NA
DWSys,3,SAP,2013,1/31/2013,5,Feb,Rainfall,DSV80,2,3,24.5,High,3023.21,NA,NA,NA,34,03/06/2013,03/21/2013,04/10/2013,NA,NA,NA,15,20,NA,NA,NA
DWSys,3,SAP,2013,1/31/2013,5,Feb,Rainfall,DSV80,3,3,33.5,High,2918.92,NA,NA,NA,34,03/06/2013,03/21/2013,04/10/2013,NA,NA,NA,15,20,NA,NA,NA
DWSys,3,SAP,2013,1/31/2013,5,Feb,Rainfall,DSV80,4,3,23,High,NA,NA,NA,NA,34,03/06/2013,03/21/2013,04/10/2013,NA,NA,NA,15,20,NA,NA,NA
DWSys,3,SAP,2013,1/31/2013,5,Feb,Rainfall,DSV50,1,3,25,High,3063.97,NA,NA,NA,40,03/12/2013,04/02/2013,04/22/2013,NA,NA,NA,21,20,NA,NA,NA
DWSys,3,SAP,2013,1/31/2013,5,Feb,Rainfall,DSV50,2,3,41.5,High,3052,NA,NA,NA,40,03/12/2013,04/02/2013,04/22/2013,NA,NA,NA,21,20,NA,NA,NA
DWSys,3,SAP,2013,1/31/2013,5,Feb,Rainfall,DSV50,3,3,29,High,3129.2,NA,NA,NA,40,03/12/2013,04/02/2013,04/22/2013,NA,NA,NA,21,20,NA,NA,NA
DWSys,3,SAP,2013,1/31/2013,5,Feb,Rainfall,DSV50,4,3,26.5,High,NA,NA,NA,NA,40,03/12/2013,04/02/2013,04/22/2013,NA,NA,NA,21,20,NA,NA,NA
DWSys,3,SAP,2013,1/31/2013,5,Feb,None,UNT,1,0,100,High,1189.1,NA,NA,NA,NA,NA,NA,NA,NA,NA,NA,NA,NA,NA,NA,NA
DWSys,3,SAP,2013,1/31/2013,5,Feb,None,UNT,2,0,100,High,1052.6,NA,NA,NA,NA,NA,NA,NA,NA,NA,NA,NA,NA,NA,NA,NA
DWSys,3,SAP,2013,1/31/2013,5,Feb,None,UNT,3,0,100,High,1009,NA,NA,NA,NA,NA,NA,NA,NA,NA,NA,NA,NA,NA,NA,NA
DWSys,3,SAP,2013,1/31/2013,5,Feb,None,UNT,4,0,100,High,NA,NA,NA,NA,NA,NA,NA,NA,NA,NA,NA,NA,NA,NA,NA,NA
DWSys,4,SC,2013,1/20/2013,4,Jan,Rainfall,DSV80,1,1,25,Low,3677.8,NA,NA,NA,69,03/30/2013,NA,NA,NA,NA,NA,NA,NA,NA,NA,NA
DWSys,4,SC,2013,1/20/2013,4,Jan,Rainfall,DSV80,2,1,20,Low,4141.6,NA,NA,NA,69,03/30/2013,NA,NA,NA,NA,NA,NA,NA,NA,NA,NA
DWSys,4,SC,2013,1/20/2013,4,Jan,Rainfall,DSV80,3,1,10,Low,4568.2,NA,NA,NA,69,03/30/2013,NA,NA,NA,NA,NA,NA,NA,NA,NA,NA
DWSys,4,SC,2013,1/20/2013,4,Jan,Rainfall,DSV80,4,1,25,Low,4336.95,NA,NA,NA,69,03/30/2013,NA,NA,NA,NA,NA,NA,NA,NA,NA,NA
DWSys,4,SC,2013,1/20/2013,4,Jan,Growth stage,CAL,1,3,10,Low,4792.13,NA,NA,NA,44,03/05/2013,03/25/2013,04/11/2013,NA,NA,NA,20,17,NA,NA,NA
DWSys,4,SC,2013,1/20/2013,4,Jan,Growth stage,CAL,2,3,15,Low,3950,NA,NA,NA,44,03/05/2013,03/25/2013,04/11/2013,NA,NA,NA,20,17,NA,NA,NA
DWSys,4,SC,2013,1/20/2013,4,Jan,Growth stage,CAL,3,3,15,Low,3996,NA,NA,NA,44,03/05/2013,03/25/2013,04/11/2013,NA,NA,NA,20,17,NA,NA,NA
DWSys,4,SC,2013,1/20/2013,4,Jan,Growth stage,CAL,4,3,12,Low,4640.7,NA,NA,NA,44,03/05/2013,03/25/2013,04/11/2013,NA,NA,NA,20,17,NA,NA,NA
DWSys,4,SC,2013,1/20/2013,4,Jan,Rainfall,DSV50,1,2,30,Low,4364.8,NA,NA,NA,64,03/25/2013,04/15/2013,NA,NA,NA,NA,21,NA,NA,NA,NA
DWSys,4,SC,2013,1/20/2013,4,Jan,Rainfall,DSV50,2,2,30,Low,5059.2,NA,NA,NA,64,03/25/2013,04/15/2013,NA,NA,NA,NA,21,NA,NA,NA,NA
DWSys,4,SC,2013,1/20/2013,4,Jan,Rainfall,DSV50,3,2,30,Low,4199,NA,NA,NA,64,03/25/2013,04/15/2013,NA,NA,NA,NA,21,NA,NA,NA,NA
DWSys,4,SC,2013,1/20/2013,4,Jan,Rainfall,DSV50,4,2,25,Low,4207.5,NA,NA,NA,64,03/25/2013,04/15/2013,NA,NA,NA,NA,21,NA,NA,NA,NA
DWSys,4,SC,2013,1/20/2013,4,Jan,None,UNT,1,0,30,Low,3927.3,NA,NA,NA,NA,NA,NA,NA,NA,NA,NA,NA,NA,NA,NA,NA
DWSys,4,SC,2013,1/20/2013,4,Jan,None,UNT,2,0,30,Low,3971,NA,NA,NA,NA,NA,NA,NA,NA,NA,NA,NA,NA,NA,NA,NA
DWSys,4,SC,2013,1/20/2013,4,Jan,None,UNT,3,0,30,Low,4112.3,NA,NA,NA,NA,NA,NA,NA,NA,NA,NA,NA,NA,NA,NA,NA
DWSys,4,SC,2013,1/20/2013,4,Jan,None,UNT,4,0,30,Low,3915.6,NA,NA,NA,NA,NA,NA,NA,NA,NA,NA,NA,NA,NA,NA,NA
DWSys,5,SC,2013,2/20/2013,5,Feb,Rainfall,DSV50,1,1,30,Low,1700,NA,NA,NA,56,04/17/2013,NA,NA,NA,NA,NA,NA,NA,NA,NA,NA
DWSys,5,SC,2013,2/20/2013,5,Feb,Rainfall,DSV50,2,1,30,Low,2045.9,NA,NA,NA,56,04/17/2013,NA,NA,NA,NA,NA,NA,NA,NA,NA,NA
DWSys,5,SC,2013,2/20/2013,5,Feb,Rainfall,DSV50,3,1,30,Low,1990,NA,NA,NA,56,04/17/2013,NA,NA,NA,NA,NA,NA,NA,NA,NA,NA
DWSys,5,SC,2013,2/20/2013,5,Feb,Rainfall,DSV50,4,1,25,Low,2639.4,NA,NA,NA,56,04/17/2013,NA,NA,NA,NA,NA,NA,NA,NA,NA,NA
DWSys,5,SC,2013,2/20/2013,5,Feb,Growth stage,CAL,1,3,10,Low,2060.25,NA,NA,NA,55,04/16/2013,05/06/2013,05/21/2013,NA,NA,NA,20,15,NA,NA,NA
DWSys,5,SC,2013,2/20/2013,5,Feb,Growth stage,CAL,2,3,15,Low,1480.5,NA,NA,NA,55,04/16/2013,05/06/2013,05/21/2013,NA,NA,NA,20,15,NA,NA,NA
DWSys,5,SC,2013,2/20/2013,5,Feb,Growth stage,CAL,3,3,15,Low,1744.75,NA,NA,NA,55,04/16/2013,05/06/2013,05/21/2013,NA,NA,NA,20,15,NA,NA,NA
DWSys,5,SC,2013,2/20/2013,5,Feb,Growth stage,CAL,4,3,12,Low,2297.1,NA,NA,NA,55,04/16/2013,05/06/2013,05/21/2013,NA,NA,NA,20,15,NA,NA,NA
DWSys,5,SC,2013,2/20/2013,5,Feb,None,UNT,1,0,30,Low,2225.3,NA,NA,NA,NA,NA,NA,NA,NA,NA,NA,NA,NA,NA,NA,NA
DWSys,5,SC,2013,2/20/2013,5,Feb,None,UNT,2,0,30,Low,1666,NA,NA,NA,NA,NA,NA,NA,NA,NA,NA,NA,NA,NA,NA,NA
DWSys,5,SC,2013,2/20/2013,5,Feb,None,UNT,3,0,30,Low,1751.8,NA,NA,NA,NA,NA,NA,NA,NA,NA,NA,NA,NA,NA,NA,NA
DWSys,5,SC,2013,2/20/2013,5,Feb,None,UNT,4,0,30,Low,2114.4,NA,NA,NA,NA,NA,NA,NA,NA,NA,NA,NA,NA,NA,NA,NA
DWSys,5,SC,2013,2/20/2013,5,Feb,Rainfall,DSV80,1,0,25,Low,2020.95,NA,NA,NA,NA,NA,NA,NA,NA,NA,NA,NA,NA,NA,NA,NA
DWSys,5,SC,2013,2/20/2013,5,Feb,Rainfall,DSV80,2,0,20,Low,2445.3,NA,NA,NA,NA,NA,NA,NA,NA,NA,NA,NA,NA,NA,NA,NA
DWSys,5,SC,2013,2/20/2013,5,Feb,Rainfall,DSV80,3,0,10,Low,1976,NA,NA,NA,NA,NA,NA,NA,NA,NA,NA,NA,NA,NA,NA,NA
DWSys,5,SC,2013,2/20/2013,5,Feb,Rainfall,DSV80,4,0,25,Low,2398.325,NA,NA,NA,NA,NA,NA,NA,NA,NA,NA,NA,NA,NA,NA,NA
Beruski,6,PIR,2015,10/23/2014,1,Oct,LWDxT,DVIP9,1,5,17.33,High,NA,NA,357.43,NA,39,12/01/2014,12/17/2014,01/05/2015,02/06/2015,02/25/2015,NA,16,19,32,19,NA
Beruski,6,PIR,2015,10/23/2014,1,Oct,LWDxT,DVIP9,2,5,18.92,High,NA,NA,359.61,NA,39,12/01/2014,12/17/2014,01/05/2015,02/06/2015,02/25/2015,NA,16,19,32,19,NA
Beruski,6,PIR,2015,10/23/2014,1,Oct,LWDxT,DVIP9,3,5,10.67,High,NA,NA,222.32,NA,39,12/01/2014,12/17/2014,01/05/2015,02/06/2015,02/25/2015,NA,16,19,32,19,NA
Beruski,6,PIR,2015,10/23/2014,1,Oct,LWDxT,DVIP9,4,5,22.42,High,NA,NA,423.19,NA,39,12/01/2014,12/17/2014,01/05/2015,02/06/2015,02/25/2015,NA,16,19,32,19,NA
Beruski,6,PIR,2015,10/23/2014,1,Oct,LWDxT,DVIP6,1,6,8.53,High,NA,NA,188.06,NA,39,12/01/2014,12/17/2014,01/05/2015,01/31/2015,02/13/2015,02/27/2015,16,19,26,13,14
Beruski,6,PIR,2015,10/23/2014,1,Oct,LWDxT,DVIP6,2,6,9.58,High,NA,NA,219.61,NA,39,12/01/2014,12/17/2014,01/05/2015,01/31/2015,02/13/2015,02/27/2015,16,19,26,13,14
Beruski,6,PIR,2015,10/23/2014,1,Oct,LWDxT,DVIP6,3,6,5.78,High,NA,NA,116.78,NA,39,12/01/2014,12/17/2014,01/05/2015,01/31/2015,02/13/2015,02/27/2015,16,19,26,13,14
Beruski,6,PIR,2015,10/23/2014,1,Oct,LWDxT,DVIP6,4,6,7.08,High,NA,NA,147.04,NA,39,12/01/2014,12/17/2014,01/05/2015,01/31/2015,02/13/2015,02/27/2015,16,19,26,13,14
Beruski,6,PIR,2015,10/23/2014,1,Oct,Rainfall,DSV50,1,5,21.31,High,NA,NA,583.49,NA,61,12/23/2014,01/08/2015,01/22/2015,02/06/2015,02/25/2015,NA,16,14,15,19,NA
Beruski,6,PIR,2015,10/23/2014,1,Oct,Rainfall,DSV50,2,5,19.99,High,NA,NA,542.37,NA,61,12/23/2014,01/08/2015,01/22/2015,02/06/2015,02/25/2015,NA,16,14,15,19,NA
Beruski,6,PIR,2015,10/23/2014,1,Oct,Rainfall,DSV50,3,5,27.92,High,NA,NA,617.81,NA,61,12/23/2014,01/08/2015,01/22/2015,02/06/2015,02/25/2015,NA,16,14,15,19,NA
Beruski,6,PIR,2015,10/23/2014,1,Oct,Rainfall,DSV50,4,5,18.42,High,NA,NA,481.28,NA,61,12/23/2014,01/08/2015,01/22/2015,02/06/2015,02/25/2015,NA,16,14,15,19,NA
Beruski,6,PIR,2015,10/23/2014,1,Oct,Growth stage,CAL,1,6,46.5,High,NA,NA,930.36,NA,46,12/08/2014,12/23/2014,01/08/2015,01/22/2015,02/06/2015,02/25/2015,15,16,14,15,19
Beruski,6,PIR,2015,10/23/2014,1,Oct,Growth stage,CAL,2,6,17.89,High,NA,NA,384.63,NA,46,12/08/2014,12/23/2014,01/08/2015,01/22/2015,02/06/2015,02/25/2015,15,16,14,15,19
Beruski,6,PIR,2015,10/23/2014,1,Oct,Growth stage,CAL,3,6,20.58,High,NA,NA,482.97,NA,46,12/08/2014,12/23/2014,01/08/2015,01/22/2015,02/06/2015,02/25/2015,15,16,14,15,19
Beruski,6,PIR,2015,10/23/2014,1,Oct,Growth stage,CAL,4,6,13.98,High,NA,NA,318.43,NA,46,12/08/2014,12/23/2014,01/08/2015,01/22/2015,02/06/2015,02/25/2015,15,16,14,15,19
Beruski,6,PIR,2015,10/23/2014,1,Oct,Rainfall,DSV80,1,2,56.08,High,NA,NA,1122.78,NA,74,01/05/2015,02/19/2015,NA,NA,NA,NA,45,NA,NA,NA,NA
Beruski,6,PIR,2015,10/23/2014,1,Oct,Rainfall,DSV80,2,2,18.45,High,NA,NA,384.19,NA,74,01/05/2015,02/19/2015,NA,NA,NA,NA,45,NA,NA,NA,NA
Beruski,6,PIR,2015,10/23/2014,1,Oct,Rainfall,DSV80,3,2,33.08,High,NA,NA,659.26,NA,74,01/05/2015,02/19/2015,NA,NA,NA,NA,45,NA,NA,NA,NA
Beruski,6,PIR,2015,10/23/2014,1,Oct,Rainfall,DSV80,4,2,28.92,High,NA,NA,615.44,NA,74,01/05/2015,02/19/2015,NA,NA,NA,NA,45,NA,NA,NA,NA
Beruski,6,PIR,2015,10/23/2014,1,Oct,None,UNT,1,0,94.58,High,NA,NA,2460.54,NA,NA,NA,NA,NA,NA,NA,NA,NA,NA,NA,NA,NA
Beruski,6,PIR,2015,10/23/2014,1,Oct,None,UNT,2,0,89.17,High,NA,NA,2239.31,NA,NA,NA,NA,NA,NA,NA,NA,NA,NA,NA,NA,NA
Beruski,6,PIR,2015,10/23/2014,1,Oct,None,UNT,3,0,92.5,High,NA,NA,2233.33,NA,NA,NA,NA,NA,NA,NA,NA,NA,NA,NA,NA,NA
Beruski,6,PIR,2015,10/23/2014,1,Oct,None,UNT,4,0,92.5,High,NA,NA,2217.03,NA,NA,NA,NA,NA,NA,NA,NA,NA,NA,NA,NA,NA
Beruski,7,PIR,2015,11/18/2014,2,Nov,Growth stage,CAL,1,5,20.03,High,4351.9,NA,371.1,208,51,01/08/2015,01/22/2015,02/05/2015,02/20/2015,03/06/2015,NA,14,14,15,14,NA
Beruski,7,PIR,2015,11/18/2014,2,Nov,Growth stage,CAL,2,5,38.21,High,5166.7,NA,449.22,196,51,01/08/2015,01/22/2015,02/05/2015,02/20/2015,03/06/2015,NA,14,14,15,14,NA
Beruski,7,PIR,2015,11/18/2014,2,Nov,Growth stage,CAL,3,5,24.67,High,5527.8,NA,274.19,182,51,01/08/2015,01/22/2015,02/05/2015,02/20/2015,03/06/2015,NA,14,14,15,14,NA
Beruski,7,PIR,2015,11/18/2014,2,Nov,Growth stage,CAL,4,5,36.4,High,5083.3,NA,398.28,174,51,01/08/2015,01/22/2015,02/05/2015,02/20/2015,03/06/2015,NA,14,14,15,14,NA
Beruski,7,PIR,2015,11/18/2014,2,Nov,Rainfall,DSV50,1,5,15.67,High,3379.6,NA,315.9,186,41,12/29/2014,01/13/2015,01/31/2015,02/13/2015,02/27/2015,NA,15,18,13,14,NA
Beruski,7,PIR,2015,11/18/2014,2,Nov,Rainfall,DSV50,2,5,37.87,High,4731.5,NA,426.24,167,41,12/29/2014,01/13/2015,01/31/2015,02/13/2015,02/27/2015,NA,15,18,13,14,NA
Beruski,7,PIR,2015,11/18/2014,2,Nov,Rainfall,DSV50,3,5,27.59,High,5250,NA,389.74,175,41,12/29/2014,01/13/2015,01/31/2015,02/13/2015,02/27/2015,NA,15,18,13,14,NA
Beruski,7,PIR,2015,11/18/2014,2,Nov,Rainfall,DSV50,4,5,14.86,High,6361.1,NA,249.18,185,41,12/29/2014,01/13/2015,01/31/2015,02/13/2015,02/27/2015,NA,15,18,13,14,NA
Beruski,7,PIR,2015,11/18/2014,2,Nov,LWDxT,DVIP6,1,5,11.72,High,3824.1,NA,201.78,195,34,12/22/2014,01/08/2015,01/31/2015,02/13/2015,02/27/2015,NA,17,23,13,14,NA
Beruski,7,PIR,2015,11/18/2014,2,Nov,LWDxT,DVIP6,2,5,34.88,High,5009.3,NA,427.34,177,34,12/22/2014,01/08/2015,01/31/2015,02/13/2015,02/27/2015,NA,17,23,13,14,NA
Beruski,7,PIR,2015,11/18/2014,2,Nov,LWDxT,DVIP6,3,5,5.48,High,5675.9,NA,103.84,181,34,12/22/2014,01/08/2015,01/31/2015,02/13/2015,02/27/2015,NA,17,23,13,14,NA
Beruski,7,PIR,2015,11/18/2014,2,Nov,LWDxT,DVIP6,4,5,27.82,High,5203.7,NA,336.74,177,34,12/22/2014,01/08/2015,01/31/2015,02/13/2015,02/27/2015,NA,17,23,13,14,NA
Beruski,7,PIR,2015,11/18/2014,2,Nov,LWDxT,DVIP9,1,5,18.42,High,3944.4,NA,498.51,185,35,12/23/2014,01/08/2015,02/06/2015,02/19/2015,03/10/2015,NA,16,29,13,19,NA
Beruski,7,PIR,2015,11/18/2014,2,Nov,LWDxT,DVIP9,2,5,40.13,High,4583.3,NA,760.73,177,35,12/23/2014,01/08/2015,02/06/2015,02/19/2015,03/10/2015,NA,16,29,13,19,NA
Beruski,7,PIR,2015,11/18/2014,2,Nov,LWDxT,DVIP9,3,5,24.42,High,5740.7,NA,263.03,185,35,12/23/2014,01/08/2015,02/06/2015,02/19/2015,03/10/2015,NA,16,29,13,19,NA
Beruski,7,PIR,2015,11/18/2014,2,Nov,LWDxT,DVIP9,4,5,40.4,High,4629.6,NA,545.92,185,35,12/23/2014,01/08/2015,02/06/2015,02/19/2015,03/10/2015,NA,16,29,13,19,NA
Beruski,7,PIR,2015,11/18/2014,2,Nov,Rainfall,DSV80,1,0,73.75,High,3574.1,NA,994.26,171,NA,NA,NA,NA,NA,NA,NA,NA,NA,NA,NA,NA
Beruski,7,PIR,2015,11/18/2014,2,Nov,Rainfall,DSV80,2,0,100,High,3907.4,NA,1868.02,156,NA,NA,NA,NA,NA,NA,NA,NA,NA,NA,NA,NA
Beruski,7,PIR,2015,11/18/2014,2,Nov,Rainfall,DSV80,3,0,100,High,4092.6,NA,1517.62,155,NA,NA,NA,NA,NA,NA,NA,NA,NA,NA,NA,NA
Beruski,7,PIR,2015,11/18/2014,2,Nov,Rainfall,DSV80,4,0,100,High,3703.7,NA,1065.5,153,NA,NA,NA,NA,NA,NA,NA,NA,NA,NA,NA,NA
Beruski,7,PIR,2015,11/18/2014,2,Nov,None,UNT,1,0,100,High,2648.1,NA,1901.64,156,NA,NA,NA,NA,NA,NA,NA,NA,NA,NA,NA,NA
Beruski,7,PIR,2015,11/18/2014,2,Nov,None,UNT,2,0,100,High,2981.5,NA,2198.68,138,NA,NA,NA,NA,NA,NA,NA,NA,NA,NA,NA,NA
Beruski,7,PIR,2015,11/18/2014,2,Nov,None,UNT,3,0,100,High,3435.2,NA,1760.37,139,NA,NA,NA,NA,NA,NA,NA,NA,NA,NA,NA,NA
Beruski,7,PIR,2015,11/18/2014,2,Nov,None,UNT,4,0,100,High,3379.6,NA,1847.18,140,NA,NA,NA,NA,NA,NA,NA,NA,NA,NA,NA,NA
Beruski,8,PIR,2015,12/12/2014,3,Dec,LWDxT,DVIP9,1,5,34.58,High,3240.7,NA,141.3,158,25,01/06/2015,02/06/2015,02/19/2015,03/10/2015,03/24/2015,NA,31,13,19,14,NA
Beruski,8,PIR,2015,12/12/2014,3,Dec,LWDxT,DVIP9,2,5,34.85,High,5083.3,NA,198.31,161,25,01/06/2015,02/06/2015,02/19/2015,03/10/2015,03/24/2015,NA,31,13,19,14,NA
Beruski,8,PIR,2015,12/12/2014,3,Dec,LWDxT,DVIP9,3,5,34.39,High,4351.9,NA,301.35,163,25,01/06/2015,02/06/2015,02/19/2015,03/10/2015,03/24/2015,NA,31,13,19,14,NA
Beruski,8,PIR,2015,12/12/2014,3,Dec,LWDxT,DVIP9,4,5,17.76,High,4444.4,NA,75.86,175,25,01/06/2015,02/06/2015,02/19/2015,03/10/2015,03/24/2015,NA,31,13,19,14,NA
Beruski,8,PIR,2015,12/12/2014,3,Dec,LWDxT,DVIP6,1,6,33.87,High,4018.5,NA,107.1,167,23,01/04/2015,01/31/2015,02/13/2015,02/27/2015,03/16/2015,03/30/2015,27,13,14,17,14
Beruski,8,PIR,2015,12/12/2014,3,Dec,LWDxT,DVIP6,2,6,33.86,High,4564.8,NA,113.2,170,23,01/04/2015,01/31/2015,02/13/2015,02/27/2015,03/16/2015,03/30/2015,27,13,14,17,14
Beruski,8,PIR,2015,12/12/2014,3,Dec,LWDxT,DVIP6,3,6,33.93,High,5046.3,NA,151.39,160,23,01/04/2015,01/31/2015,02/13/2015,02/27/2015,03/16/2015,03/30/2015,27,13,14,17,14
Beruski,8,PIR,2015,12/12/2014,3,Dec,LWDxT,DVIP6,4,6,33.87,High,4703.7,NA,147.92,177,23,01/04/2015,01/31/2015,02/13/2015,02/27/2015,03/16/2015,03/30/2015,27,13,14,17,14
Beruski,8,PIR,2015,12/12/2014,3,Dec,Growth stage,CAL,1,5,68.5,High,2713,NA,709.16,146,46,01/27/2015,02/11/2015,02/25/2015,03/10/2015,03/24/2015,NA,15,14,13,14,NA
Beruski,8,PIR,2015,12/12/2014,3,Dec,Growth stage,CAL,2,5,36.63,High,4870.4,NA,162.98,167,46,01/27/2015,02/11/2015,02/25/2015,03/10/2015,03/24/2015,NA,15,14,13,14,NA
Beruski,8,PIR,2015,12/12/2014,3,Dec,Growth stage,CAL,3,5,34.78,High,5333.3,NA,155.55,166,46,01/27/2015,02/11/2015,02/25/2015,03/10/2015,03/24/2015,NA,15,14,13,14,NA
Beruski,8,PIR,2015,12/12/2014,3,Dec,Growth stage,CAL,4,5,36.16,High,4250,NA,180,174,46,01/27/2015,02/11/2015,02/25/2015,03/10/2015,03/24/2015,NA,15,14,13,14,NA
Beruski,8,PIR,2015,12/12/2014,3,Dec,Rainfall,DSV50,1,3,67.25,High,3351.9,NA,439.51,152,69,02/19/2015,03/03/2015,03/17/2015,NA,NA,NA,12,14,NA,NA,NA
Beruski,8,PIR,2015,12/12/2014,3,Dec,Rainfall,DSV50,2,3,67.42,High,4092.6,NA,440.69,150,69,02/19/2015,03/03/2015,03/17/2015,NA,NA,NA,12,14,NA,NA,NA
Beruski,8,PIR,2015,12/12/2014,3,Dec,Rainfall,DSV50,3,3,35.33,High,3981.5,NA,739.01,157,69,02/19/2015,03/03/2015,03/17/2015,NA,NA,NA,12,14,NA,NA,NA
Beruski,8,PIR,2015,12/12/2014,3,Dec,Rainfall,DSV50,4,3,36.16,High,3814.8,NA,676.22,170,69,02/19/2015,03/03/2015,03/17/2015,NA,NA,NA,12,14,NA,NA,NA
Beruski,8,PIR,2015,12/12/2014,3,Dec,Rainfall,DSV80,1,0,100,High,2092.6,NA,1478.54,124,NA,NA,NA,NA,NA,NA,NA,NA,NA,NA,NA,NA
Beruski,8,PIR,2015,12/12/2014,3,Dec,Rainfall,DSV80,2,0,100,High,2638.9,NA,1620.68,129,NA,NA,NA,NA,NA,NA,NA,NA,NA,NA,NA,NA
Beruski,8,PIR,2015,12/12/2014,3,Dec,Rainfall,DSV80,3,0,100,High,3416.7,NA,1549.75,120,NA,NA,NA,NA,NA,NA,NA,NA,NA,NA,NA,NA
Beruski,8,PIR,2015,12/12/2014,3,Dec,Rainfall,DSV80,4,0,100,High,2203.7,NA,1568.11,127,NA,NA,NA,NA,NA,NA,NA,NA,NA,NA,NA,NA
Beruski,8,PIR,2015,12/12/2014,3,Dec,None,UNT,1,0,100,High,3287,NA,1523.84,117,NA,NA,NA,NA,NA,NA,NA,NA,NA,NA,NA,NA
Beruski,8,PIR,2015,12/12/2014,3,Dec,None,UNT,2,0,100,High,2481.5,NA,1677.51,124,NA,NA,NA,NA,NA,NA,NA,NA,NA,NA,NA,NA
Beruski,8,PIR,2015,12/12/2014,3,Dec,None,UNT,3,0,100,High,2342.6,NA,1771.8,132,NA,NA,NA,NA,NA,NA,NA,NA,NA,NA,NA,NA
Beruski,8,PIR,2015,12/12/2014,3,Dec,None,UNT,4,0,100,High,2787,NA,1649.5,127,NA,NA,NA,NA,NA,NA,NA,NA,NA,NA,NA,NA
Beruski,9,PIR,2015,1/20/2015,4,Jan,LWDxT,DVIP9,1,4,1.73,High,4259.8,NA,22.84,150,38,02/27/2015,03/16/2015,03/31/2015,04/22/2015,NA,NA,17,15,22,NA,NA
Beruski,9,PIR,2015,1/20/2015,4,Jan,LWDxT,DVIP9,2,4,8.1,High,2535,NA,102.7,139,38,02/27/2015,03/16/2015,03/31/2015,04/22/2015,NA,NA,17,15,22,NA,NA
Beruski,9,PIR,2015,1/20/2015,4,Jan,LWDxT,DVIP9,3,4,3.01,High,4243.3,NA,32.93,137,38,02/27/2015,03/16/2015,03/31/2015,04/22/2015,NA,NA,17,15,22,NA,NA
Beruski,9,PIR,2015,1/20/2015,4,Jan,LWDxT,DVIP9,4,4,1.46,High,3305.6,NA,33.62,132,38,02/27/2015,03/16/2015,03/31/2015,04/22/2015,NA,NA,17,15,22,NA,NA
Beruski,9,PIR,2015,1/20/2015,4,Jan,LWDxT,DVIP6,1,4,7.39,High,3538.9,NA,72.1,131,38,02/27/2015,03/16/2015,03/31/2015,04/22/2015,NA,NA,17,15,22,NA,NA
Beruski,9,PIR,2015,1/20/2015,4,Jan,LWDxT,DVIP6,2,4,3.09,High,4302.8,NA,36.58,140,38,02/27/2015,03/16/2015,03/31/2015,04/22/2015,NA,NA,17,15,22,NA,NA
Beruski,9,PIR,2015,1/20/2015,4,Jan,LWDxT,DVIP6,3,4,2.02,High,4079.8,NA,25.25,138,38,02/27/2015,03/16/2015,03/31/2015,04/22/2015,NA,NA,17,15,22,NA,NA
Beruski,9,PIR,2015,1/20/2015,4,Jan,LWDxT,DVIP6,4,4,1.13,High,3391.5,NA,15.4,144,38,02/27/2015,03/16/2015,03/31/2015,04/22/2015,NA,NA,17,15,22,NA,NA
Beruski,9,PIR,2015,1/20/2015,4,Jan,Growth stage,CAL,1,4,2.36,High,4033.1,NA,48.35,141,42,03/03/2015,03/17/2015,04/01/2015,04/15/2015,NA,NA,14,15,14,NA,NA
Beruski,9,PIR,2015,1/20/2015,4,Jan,Growth stage,CAL,2,4,5.58,High,2261.1,NA,60.71,140,42,03/03/2015,03/17/2015,04/01/2015,04/15/2015,NA,NA,14,15,14,NA,NA
Beruski,9,PIR,2015,1/20/2015,4,Jan,Growth stage,CAL,3,4,12.83,High,3945.7,NA,154.23,119,42,03/03/2015,03/17/2015,04/01/2015,04/15/2015,NA,NA,14,15,14,NA,NA
Beruski,9,PIR,2015,1/20/2015,4,Jan,Growth stage,CAL,4,4,3.67,High,3821.5,NA,44.35,109,42,03/03/2015,03/17/2015,04/01/2015,04/15/2015,NA,NA,14,15,14,NA,NA
Beruski,9,PIR,2015,1/20/2015,4,Jan,Rainfall,DSV50,1,1,15.61,High,3105.2,NA,206.64,124,60,03/21/2015,NA,NA,NA,NA,NA,NA,NA,NA,NA,NA
Beruski,9,PIR,2015,1/20/2015,4,Jan,Rainfall,DSV50,2,1,42.33,High,3343.1,NA,471.09,121,60,03/21/2015,NA,NA,NA,NA,NA,NA,NA,NA,NA,NA
Beruski,9,PIR,2015,1/20/2015,4,Jan,Rainfall,DSV50,3,1,30.92,High,3301.3,NA,295.71,127,60,03/21/2015,NA,NA,NA,NA,NA,NA,NA,NA,NA,NA
Beruski,9,PIR,2015,1/20/2015,4,Jan,Rainfall,DSV50,4,1,47,High,2720.4,NA,469.66,119,60,03/21/2015,NA,NA,NA,NA,NA,NA,NA,NA,NA,NA
Beruski,9,PIR,2015,1/20/2015,4,Jan,Rainfall,DSV80,1,0,69.17,High,2680.9,NA,635.95,105,NA,NA,NA,NA,NA,NA,NA,NA,NA,NA,NA,NA
Beruski,9,PIR,2015,1/20/2015,4,Jan,Rainfall,DSV80,2,0,55.83,High,2609.8,NA,519.75,111,NA,NA,NA,NA,NA,NA,NA,NA,NA,NA,NA,NA
Beruski,9,PIR,2015,1/20/2015,4,Jan,Rainfall,DSV80,3,0,85,High,1933.5,NA,830.34,130,NA,NA,NA,NA,NA,NA,NA,NA,NA,NA,NA,NA
Beruski,9,PIR,2015,1/20/2015,4,Jan,Rainfall,DSV80,4,0,56.42,High,2439.8,NA,507.94,97,NA,NA,NA,NA,NA,NA,NA,NA,NA,NA,NA,NA
Beruski,9,PIR,2015,1/20/2015,4,Jan,None,UNT,1,0,90.83,High,2754.4,NA,866.94,96,NA,NA,NA,NA,NA,NA,NA,NA,NA,NA,NA,NA
Beruski,9,PIR,2015,1/20/2015,4,Jan,None,UNT,2,0,70,High,1532.4,NA,703,103,NA,NA,NA,NA,NA,NA,NA,NA,NA,NA,NA,NA
Beruski,9,PIR,2015,1/20/2015,4,Jan,None,UNT,3,0,82.08,High,2509.3,NA,766.85,107,NA,NA,NA,NA,NA,NA,NA,NA,NA,NA,NA,NA
Beruski,9,PIR,2015,1/20/2015,4,Jan,None,UNT,4,0,94.58,High,1542.8,NA,1011.38,95,NA,NA,NA,NA,NA,NA,NA,NA,NA,NA,NA,NA
Beruski,10,PIR,2015,2/19/2015,5,Feb,LWDxT,DVIP6,1,4,68.5,High,2347.2,NA,82.15,121,30,03/21/2015,04/06/2015,04/22/2015,05/07/2015,NA,NA,16,16,15,NA,NA
Beruski,10,PIR,2015,2/19/2015,5,Feb,LWDxT,DVIP6,2,4,69.08,High,2470.9,NA,981.97,118,30,03/21/2015,04/06/2015,04/22/2015,05/07/2015,NA,NA,16,16,15,NA,NA
Beruski,10,PIR,2015,2/19/2015,5,Feb,LWDxT,DVIP6,3,4,68.25,High,1851.9,NA,922.99,146,30,03/21/2015,04/06/2015,04/22/2015,05/07/2015,NA,NA,16,16,15,NA,NA
Beruski,10,PIR,2015,2/19/2015,5,Feb,Growth stage,CAL,1,4,5,High,1912,NA,1138.25,103,30,03/21/2015,04/06/2015,04/22/2015,05/07/2015,NA,NA,16,16,15,NA,NA
Beruski,10,PIR,2015,2/19/2015,5,Feb,Growth stage,CAL,2,4,5.92,High,2455,NA,140.02,113,30,03/21/2015,04/06/2015,04/22/2015,05/07/2015,NA,NA,16,16,15,NA,NA
Beruski,10,PIR,2015,2/19/2015,5,Feb,Growth stage,CAL,3,4,6.83,High,2174.8,NA,118.35,114,30,03/21/2015,04/06/2015,04/22/2015,05/07/2015,NA,NA,16,16,15,NA,NA
Beruski,10,PIR,2015,2/19/2015,5,Feb,Growth stage,CAL,4,4,5,High,1859.3,NA,972.94,141,30,03/21/2015,04/06/2015,04/22/2015,05/07/2015,NA,NA,16,16,15,NA,NA
Beruski,10,PIR,2015,2/19/2015,5,Feb,LWDxT,DVIP9,1,3,70.5,High,1887.6,NA,1039,121,30,03/21/2015,04/06/2015,04/22/2015,NA,NA,NA,16,16,NA,NA,NA
Beruski,10,PIR,2015,2/19/2015,5,Feb,LWDxT,DVIP9,2,3,68.67,High,2189.3,NA,929.95,121,30,03/21/2015,04/06/2015,04/22/2015,NA,NA,NA,16,16,NA,NA,NA
Beruski,10,PIR,2015,2/19/2015,5,Feb,LWDxT,DVIP9,3,3,69.67,High,2117.2,NA,1006.5,115,30,03/21/2015,04/06/2015,04/22/2015,NA,NA,NA,16,16,NA,NA,NA
Beruski,10,PIR,2015,2/19/2015,5,Feb,LWDxT,DVIP9,4,3,69,High,2153.3,NA,63.87,140,30,03/21/2015,04/06/2015,04/22/2015,NA,NA,NA,16,16,NA,NA,NA
Beruski,10,PIR,2015,2/19/2015,5,Feb,Rainfall,DSV80,1,0,76,High,1049.6,NA,1419.48,93,NA,NA,NA,NA,NA,NA,NA,NA,NA,NA,NA,NA
Beruski,10,PIR,2015,2/19/2015,5,Feb,Rainfall,DSV80,2,0,100,High,1232.6,NA,1822.89,88,NA,NA,NA,NA,NA,NA,NA,NA,NA,NA,NA,NA
Beruski,10,PIR,2015,2/19/2015,5,Feb,Rainfall,DSV80,3,0,100,High,1013,NA,1889.65,97,NA,NA,NA,NA,NA,NA,NA,NA,NA,NA,NA,NA
Beruski,10,PIR,2015,2/19/2015,5,Feb,Rainfall,DSV80,4,0,100,High,780.6,NA,1706.18,85,NA,NA,NA,NA,NA,NA,NA,NA,NA,NA,NA,NA
Beruski,10,PIR,2015,2/19/2015,5,Feb,Rainfall,DSV50,1,0,75.67,High,1177,NA,1740.51,83,NA,NA,NA,NA,NA,NA,NA,NA,NA,NA,NA,NA
Beruski,10,PIR,2015,2/19/2015,5,Feb,Rainfall,DSV50,2,0,100,High,797.8,NA,1540.06,92,NA,NA,NA,NA,NA,NA,NA,NA,NA,NA,NA,NA
Beruski,10,PIR,2015,2/19/2015,5,Feb,Rainfall,DSV50,3,0,100,High,1588.9,NA,1684.98,91,NA,NA,NA,NA,NA,NA,NA,NA,NA,NA,NA,NA
Beruski,10,PIR,2015,2/19/2015,5,Feb,Rainfall,DSV50,4,0,100,High,1571.1,NA,1523.24,89,NA,NA,NA,NA,NA,NA,NA,NA,NA,NA,NA,NA
Beruski,10,PIR,2015,2/19/2015,5,Feb,None,UNT,1,0,76.25,High,1229.3,NA,1455.78,96,NA,NA,NA,NA,NA,NA,NA,NA,NA,NA,NA,NA
Beruski,10,PIR,2015,2/19/2015,5,Feb,None,UNT,2,0,100,High,1723.1,NA,2184.53,83,NA,NA,NA,NA,NA,NA,NA,NA,NA,NA,NA,NA
Beruski,10,PIR,2015,2/19/2015,5,Feb,None,UNT,3,0,100,High,822.2,NA,1592.79,99,NA,NA,NA,NA,NA,NA,NA,NA,NA,NA,NA,NA
Beruski,10,PIR,2015,2/19/2015,5,Feb,None,UNT,4,0,100,High,1476.7,NA,1671.68,84,NA,NA,NA,NA,NA,NA,NA,NA,NA,NA,NA,NA
Beruski,11,PIR,2016,10/22/2015,1,Oct,Growth stage,CAL,1,5,4.08,High,4460.4,NA,103.3,190,40,12/01/2015,12/16/2015,12/29/2015,01/13/2016,01/29/2016,NA,15,13,15,16,NA
Beruski,11,PIR,2016,10/22/2015,1,Oct,Growth stage,CAL,2,5,9.5,High,5287,NA,175.2,175,40,12/01/2015,12/16/2015,12/29/2015,01/13/2016,01/29/2016,NA,15,13,15,16,NA
Beruski,11,PIR,2016,10/22/2015,1,Oct,Growth stage,CAL,3,5,3.28,High,5379.8,NA,103.5,169,40,12/01/2015,12/16/2015,12/29/2015,01/13/2016,01/29/2016,NA,15,13,15,16,NA
Beruski,11,PIR,2016,10/22/2015,1,Oct,Growth stage,CAL,4,5,3.79,High,5000,NA,97.8,166,40,12/01/2015,12/16/2015,12/29/2015,01/13/2016,01/29/2016,NA,15,13,15,16,NA
Beruski,11,PIR,2016,10/22/2015,1,Oct,Rainfall,DSV50,1,5,1.41,High,6481.5,NA,39.7,176,39,11/30/2015,12/16/2015,12/29/2015,01/13/2016,01/29/2016,NA,16,13,15,16,NA
Beruski,11,PIR,2016,10/22/2015,1,Oct,Rainfall,DSV50,2,5,3.35,High,5555.6,NA,67,163,39,11/30/2015,12/16/2015,12/29/2015,01/13/2016,01/29/2016,NA,16,13,15,16,NA
Beruski,11,PIR,2016,10/22/2015,1,Oct,Rainfall,DSV50,3,5,2.78,High,4481.5,NA,61.2,180,39,11/30/2015,12/16/2015,12/29/2015,01/13/2016,01/29/2016,NA,16,13,15,16,NA
Beruski,11,PIR,2016,10/22/2015,1,Oct,Rainfall,DSV50,4,5,8.17,High,4551.9,NA,181.8,183,39,11/30/2015,12/16/2015,12/29/2015,01/13/2016,01/29/2016,NA,16,13,15,16,NA
Beruski,11,PIR,2015,2/19/2015,5,Feb,LWDxT,DVIP6,4,4,68.08,High,3049.6,NA,899.67,113,30,03/21/2015,04/06/2015,04/22/2015,05/07/2015,NA,NA,16,16,15,NA,NA
Beruski,11,PIR,2016,10/22/2015,1,Oct,LWDxT,DVIP9,1,5,9.65,High,5500,NA,274.4,170,35,11/26/2015,12/10/2015,12/29/2015,01/13/2016,02/02/2016,NA,14,19,15,20,NA
Beruski,11,PIR,2016,10/22/2015,1,Oct,LWDxT,DVIP9,2,5,11.08,High,5409.3,NA,282.1,177,35,11/26/2015,12/10/2015,12/29/2015,01/13/2016,02/02/2016,NA,14,19,15,20,NA
Beruski,11,PIR,2016,10/22/2015,1,Oct,LWDxT,DVIP9,3,5,4.05,High,5342.6,NA,109.3,181,35,11/26/2015,12/10/2015,12/29/2015,01/13/2016,02/02/2016,NA,14,19,15,20,NA
Beruski,11,PIR,2016,10/22/2015,1,Oct,LWDxT,DVIP9,4,5,2.15,High,5000,NA,86.5,181,35,11/26/2015,12/10/2015,12/29/2015,01/13/2016,02/02/2016,NA,14,19,15,20,NA
Beruski,11,PIR,2016,10/22/2015,1,Oct,LWDxT,DVIP6,1,5,2.58,High,5870.6,NA,71.7,192,35,11/26/2015,12/10/2015,12/23/2015,01/06/2016,01/21/2016,NA,14,13,14,15,NA
Beruski,11,PIR,2016,10/22/2015,1,Oct,LWDxT,DVIP6,2,5,3.03,High,5661.5,NA,65.2,182,35,11/26/2015,12/10/2015,12/23/2015,01/06/2016,01/21/2016,NA,14,13,14,15,NA
Beruski,11,PIR,2016,10/22/2015,1,Oct,LWDxT,DVIP6,3,5,2.33,High,4029.6,NA,68.2,182,35,11/26/2015,12/10/2015,12/23/2015,01/06/2016,01/21/2016,NA,14,13,14,15,NA
Beruski,11,PIR,2016,10/22/2015,1,Oct,LWDxT,DVIP6,4,5,6.71,High,5997,NA,156.7,174,35,11/26/2015,12/10/2015,12/23/2015,01/06/2016,01/21/2016,NA,14,13,14,15,NA
Beruski,11,PIR,2016,10/22/2015,1,Oct,Rainfall,DSV80,1,2,10,High,4951.9,NA,360.7,163,76,01/06/2016,01/21/2016,NA,NA,NA,NA,15,NA,NA,NA,NA
Beruski,11,PIR,2016,10/22/2015,1,Oct,Rainfall,DSV80,2,2,19.25,High,5481.5,NA,629.8,151,76,01/06/2016,01/21/2016,NA,NA,NA,NA,15,NA,NA,NA,NA
Beruski,11,PIR,2016,10/22/2015,1,Oct,Rainfall,DSV80,3,2,14.67,High,4207.4,NA,432.5,152,76,01/06/2016,01/21/2016,NA,NA,NA,NA,15,NA,NA,NA,NA
Beruski,11,PIR,2016,10/22/2015,1,Oct,Rainfall,DSV80,4,2,17,High,4833.3,NA,574,152,76,01/06/2016,01/21/2016,NA,NA,NA,NA,15,NA,NA,NA,NA
Beruski,11,PIR,2016,10/22/2015,1,Oct,None,UNT,1,0,58.92,High,4503.9,NA,1474.8,143,NA,NA,NA,NA,NA,NA,NA,NA,NA,NA,NA,NA
Beruski,11,PIR,2016,10/22/2015,1,Oct,None,UNT,2,0,76.67,High,3278.1,NA,2631.5,133,NA,NA,NA,NA,NA,NA,NA,NA,NA,NA,NA,NA
Beruski,11,PIR,2016,10/22/2015,1,Oct,None,UNT,3,0,50.67,High,3761.1,NA,1326.3,118,NA,NA,NA,NA,NA,NA,NA,NA,NA,NA,NA,NA
Beruski,11,PIR,2016,10/22/2015,1,Oct,None,UNT,4,0,77.25,High,4351.9,NA,2444.5,139,NA,NA,NA,NA,NA,NA,NA,NA,NA,NA,NA,NA
Beruski,12,PIR,2016,11/19/2015,2,Nov,Rainfall,DSV50,1,4,14.42,High,4449.5,NA,212.06,154,41,12/30/2015,01/18/2016,02/02/2016,02/24/2016,NA,NA,19,15,22,NA,NA
Beruski,12,PIR,2016,11/19/2015,2,Nov,Rainfall,DSV50,2,4,9.92,High,5174.5,NA,162.41,159,41,12/30/2015,01/18/2016,02/02/2016,02/24/2016,NA,NA,19,15,22,NA,NA
Beruski,12,PIR,2016,11/19/2015,2,Nov,Rainfall,DSV50,3,4,9.08,High,4566.9,NA,145.33,153,41,12/30/2015,01/18/2016,02/02/2016,02/24/2016,NA,NA,19,15,22,NA,NA
Beruski,12,PIR,2016,11/19/2015,2,Nov,Rainfall,DSV50,4,4,10.75,High,4517.4,NA,175.97,156,41,12/30/2015,01/18/2016,02/02/2016,02/24/2016,NA,NA,19,15,22,NA,NA
Beruski,12,PIR,2016,11/19/2015,2,Nov,LWDxT,DVIP9,1,5,10.25,High,4871.1,NA,160.48,164,27,12/16/2015,12/30/2015,01/18/2016,02/02/2016,02/24/2016,NA,14,19,15,22,NA
Beruski,12,PIR,2016,11/19/2015,2,Nov,LWDxT,DVIP9,2,5,7.5,High,5114.4,NA,111.3,157,27,12/16/2015,12/30/2015,01/18/2016,02/02/2016,02/24/2016,NA,14,19,15,22,NA
Beruski,12,PIR,2016,11/19/2015,2,Nov,LWDxT,DVIP9,3,5,9.33,High,4605.8,NA,143.93,156,27,12/16/2015,12/30/2015,01/18/2016,02/02/2016,02/24/2016,NA,14,19,15,22,NA
Beruski,12,PIR,2016,11/19/2015,2,Nov,LWDxT,DVIP9,4,5,14.08,High,4489.2,NA,211.81,150,27,12/16/2015,12/30/2015,01/18/2016,02/02/2016,02/24/2016,NA,14,19,15,22,NA
Beruski,12,PIR,2016,11/19/2015,2,Nov,LWDxT,DVIP6,1,6,7.33,High,4303.2,NA,112.15,163,27,12/16/2015,12/30/2015,01/18/2016,02/02/2016,02/18/2016,03/07/2016,14,19,15,16,18
Beruski,12,PIR,2016,11/19/2015,2,Nov,LWDxT,DVIP6,2,6,10.29,High,4804.9,NA,157.07,166,27,12/16/2015,12/30/2015,01/18/2016,02/02/2016,02/18/2016,03/07/2016,14,19,15,16,18
Beruski,12,PIR,2016,11/19/2015,2,Nov,LWDxT,DVIP6,3,6,10.5,High,4681.6,NA,153.98,155,27,12/16/2015,12/30/2015,01/18/2016,02/02/2016,02/18/2016,03/07/2016,14,19,15,16,18
Beruski,12,PIR,2016,11/19/2015,2,Nov,LWDxT,DVIP6,4,6,9.83,High,4741.4,NA,145.73,146,27,12/16/2015,12/30/2015,01/18/2016,02/02/2016,02/18/2016,03/07/2016,14,19,15,16,18
Beruski,12,PIR,2016,11/19/2015,2,Nov,Growth stage,CAL,1,5,13.92,High,4375,NA,202.95,168,41,12/30/2015,01/18/2016,02/02/2016,02/16/2016,03/02/2016,NA,19,15,14,15,NA
Beruski,12,PIR,2016,11/19/2015,2,Nov,Growth stage,CAL,2,5,13.67,High,4987.8,NA,200.33,162,41,12/30/2015,01/18/2016,02/02/2016,02/16/2016,03/02/2016,NA,19,15,14,15,NA
Beruski,12,PIR,2016,11/19/2015,2,Nov,Growth stage,CAL,3,5,10.08,High,4643.8,NA,149.53,163,41,12/30/2015,01/18/2016,02/02/2016,02/16/2016,03/02/2016,NA,19,15,14,15,NA
Beruski,12,PIR,2016,11/19/2015,2,Nov,Growth stage,CAL,4,5,10.08,High,4769.2,NA,156.62,167,41,12/30/2015,01/18/2016,02/02/2016,02/16/2016,03/02/2016,NA,19,15,14,15,NA
Beruski,12,PIR,2016,11/19/2015,2,Nov,Rainfall,DSV80,1,3,10.5,High,5837.5,NA,187.36,164,55,01/13/2016,01/29/2016,02/24/2016,NA,NA,NA,16,26,NA,NA,NA
Beruski,12,PIR,2016,11/19/2015,2,Nov,Rainfall,DSV80,2,3,13.79,High,4724,NA,199.45,156,55,01/13/2016,01/29/2016,02/24/2016,NA,NA,NA,16,26,NA,NA,NA
Beruski,12,PIR,2016,11/19/2015,2,Nov,Rainfall,DSV80,3,3,9.67,High,4746.7,NA,179.25,165,55,01/13/2016,01/29/2016,02/24/2016,NA,NA,NA,16,26,NA,NA,NA
Beruski,12,PIR,2016,11/19/2015,2,Nov,Rainfall,DSV80,4,3,12.83,High,4375.6,NA,190.54,157,55,01/13/2016,01/29/2016,02/24/2016,NA,NA,NA,16,26,NA,NA,NA
Beruski,12,PIR,2016,11/19/2015,2,Nov,None,UNT,1,0,100,High,3518.5,NA,1711.3,122,NA,NA,NA,NA,NA,NA,NA,NA,NA,NA,NA,NA
Beruski,12,PIR,2016,11/19/2015,2,Nov,None,UNT,2,0,97.5,High,3868.8,NA,1976.46,130,NA,NA,NA,NA,NA,NA,NA,NA,NA,NA,NA,NA
Beruski,12,PIR,2016,11/19/2015,2,Nov,None,UNT,3,0,91.25,High,3167.9,NA,1601.52,136,NA,NA,NA,NA,NA,NA,NA,NA,NA,NA,NA,NA
Beruski,12,PIR,2016,11/19/2015,2,Nov,None,UNT,4,0,100,High,3669.8,NA,2019.3,122,NA,NA,NA,NA,NA,NA,NA,NA,NA,NA,NA,NA
Beruski,13,PIR,2016,12/18/2015,3,Dec,LWDxT,DVIP6,1,5,5.25,High,4046.7,NA,94.25,151,26,01/13/2016,01/29/2016,02/14/2016,03/02/2016,03/16/2016,NA,16,16,17,14,NA
Beruski,13,PIR,2016,12/18/2015,3,Dec,LWDxT,DVIP6,2,5,8.5,High,4376.8,NA,77.46,146,26,01/13/2016,01/29/2016,02/14/2016,03/02/2016,03/16/2016,NA,16,16,17,14,NA
Beruski,13,PIR,2016,12/18/2015,3,Dec,LWDxT,DVIP6,3,5,4.28,High,4192.3,NA,44.56,149,26,01/13/2016,01/29/2016,02/14/2016,03/02/2016,03/16/2016,NA,16,16,17,14,NA
Beruski,13,PIR,2016,12/18/2015,3,Dec,LWDxT,DVIP6,4,5,12.42,High,3865,NA,123.48,144,26,01/13/2016,01/29/2016,02/14/2016,03/02/2016,03/16/2016,NA,16,16,17,14,NA
Beruski,13,PIR,2016,12/18/2015,3,Dec,Rainfall,DSV50,1,5,8.83,High,4299.8,NA,90.53,156,31,01/18/2016,02/11/2016,02/24/2016,03/09/2016,03/23/2016,NA,24,13,14,14,NA
Beruski,13,PIR,2016,12/18/2015,3,Dec,Rainfall,DSV50,2,5,12.58,High,4315.6,NA,100.28,151,31,01/18/2016,02/11/2016,02/24/2016,03/09/2016,03/23/2016,NA,24,13,14,14,NA
Beruski,13,PIR,2016,12/18/2015,3,Dec,Rainfall,DSV50,3,5,12.17,High,4847.4,NA,101.76,149,31,01/18/2016,02/11/2016,02/24/2016,03/09/2016,03/23/2016,NA,24,13,14,14,NA
Beruski,13,PIR,2016,12/18/2015,3,Dec,Rainfall,DSV50,4,5,16.75,High,3417.6,NA,164.98,146,31,01/18/2016,02/11/2016,02/24/2016,03/09/2016,03/23/2016,NA,24,13,14,14,NA
Beruski,13,PIR,2016,12/18/2015,3,Dec,Growth stage,CAL,1,5,11.92,High,4350.5,NA,145.08,153,42,01/29/2016,02/14/2016,03/02/2016,03/16/2016,03/29/2016,NA,16,17,14,13,NA
Beruski,13,PIR,2016,12/18/2015,3,Dec,Growth stage,CAL,2,5,26.75,High,3629.1,NA,177.01,149,42,01/29/2016,02/14/2016,03/02/2016,03/16/2016,03/29/2016,NA,16,17,14,13,NA
Beruski,13,PIR,2016,12/18/2015,3,Dec,Growth stage,CAL,3,5,8.23,High,3775.5,NA,95.75,150,42,01/29/2016,02/14/2016,03/02/2016,03/16/2016,03/29/2016,NA,16,17,14,13,NA
Beruski,13,PIR,2016,12/18/2015,3,Dec,Growth stage,CAL,4,5,9.75,High,4340.1,NA,141.85,145,42,01/29/2016,02/14/2016,03/02/2016,03/16/2016,03/29/2016,NA,16,17,14,13,NA
Beruski,13,PIR,2016,12/18/2015,3,Dec,LWDxT,DVIP9,1,5,39.42,High,3937.6,NA,296.33,139,26,01/13/2016,02/02/2016,02/24/2016,03/09/2016,03/23/2016,NA,20,22,14,14,NA
Beruski,13,PIR,2016,12/18/2015,3,Dec,LWDxT,DVIP9,2,5,29.25,High,4168.2,NA,215.22,141,26,01/13/2016,02/02/2016,02/24/2016,03/09/2016,03/23/2016,NA,20,22,14,14,NA
Beruski,13,PIR,2016,12/18/2015,3,Dec,LWDxT,DVIP9,3,5,7.5,High,3694.3,NA,81.96,149,26,01/13/2016,02/02/2016,02/24/2016,03/09/2016,03/23/2016,NA,20,22,14,14,NA
Beruski,13,PIR,2016,12/18/2015,3,Dec,LWDxT,DVIP9,4,5,26.25,High,3332.8,NA,234.91,140,26,01/13/2016,02/02/2016,02/24/2016,03/09/2016,03/23/2016,NA,20,22,14,14,NA
Beruski,13,PIR,2016,12/18/2015,3,Dec,Rainfall,DSV80,1,0,77.92,High,3008.6,NA,852.18,126,NA,NA,NA,NA,NA,NA,NA,NA,NA,NA,NA,NA
Beruski,13,PIR,2016,12/18/2015,3,Dec,Rainfall,DSV80,2,0,95,High,2653,NA,1106.13,111,NA,NA,NA,NA,NA,NA,NA,NA,NA,NA,NA,NA
Beruski,13,PIR,2016,12/18/2015,3,Dec,Rainfall,DSV80,3,0,100,High,2695.6,NA,1162.93,102,NA,NA,NA,NA,NA,NA,NA,NA,NA,NA,NA,NA
Beruski,13,PIR,2016,12/18/2015,3,Dec,Rainfall,DSV80,4,0,100,High,2424,NA,1161.01,104,NA,NA,NA,NA,NA,NA,NA,NA,NA,NA,NA,NA
Beruski,13,PIR,2016,12/18/2015,3,Dec,None,UNT,1,0,80.42,High,2355.4,NA,1112.19,116,NA,NA,NA,NA,NA,NA,NA,NA,NA,NA,NA,NA
Beruski,13,PIR,2016,12/18/2015,3,Dec,None,UNT,2,0,100,High,2664.9,NA,1190.86,114,NA,NA,NA,NA,NA,NA,NA,NA,NA,NA,NA,NA
Beruski,13,PIR,2016,12/18/2015,3,Dec,None,UNT,3,0,100,High,2267.3,NA,1115.62,101,NA,NA,NA,NA,NA,NA,NA,NA,NA,NA,NA,NA
Beruski,13,PIR,2016,12/18/2015,3,Dec,None,UNT,4,0,100,High,2735.3,NA,1160.65,106,NA,NA,NA,NA,NA,NA,NA,NA,NA,NA,NA,NA
Beruski,14,PIR,2016,1/20/2016,4,Jan,Growth stage,CAL,1,4,36.82,High,2836.4,NA,212.3,113,42,03/02/2016,03/16/2016,03/29/2016,04/12/2016,NA,NA,14,13,14,NA,NA
Beruski,14,PIR,2016,1/20/2016,4,Jan,Growth stage,CAL,2,4,39.92,High,2084,NA,254,105,42,03/02/2016,03/16/2016,03/29/2016,04/12/2016,NA,NA,14,13,14,NA,NA
Beruski,14,PIR,2016,1/20/2016,4,Jan,Growth stage,CAL,3,4,37.42,High,1976,NA,235.1,133,42,03/02/2016,03/16/2016,03/29/2016,04/12/2016,NA,NA,14,13,14,NA,NA
Beruski,14,PIR,2016,1/20/2016,4,Jan,Growth stage,CAL,4,4,38.27,High,2039.9,NA,238.6,120,42,03/02/2016,03/16/2016,03/29/2016,04/12/2016,NA,NA,14,13,14,NA,NA
Beruski,14,PIR,2016,1/20/2016,4,Jan,Rainfall,DSV50,1,1,38.5,High,2849.8,NA,327.2,126,56,03/16/2016,NA,NA,NA,NA,NA,NA,NA,NA,NA,NA
Beruski,14,PIR,2016,1/20/2016,4,Jan,Rainfall,DSV50,2,1,39,High,2489.2,NA,362.1,122,56,03/16/2016,NA,NA,NA,NA,NA,NA,NA,NA,NA,NA
Beruski,14,PIR,2016,1/20/2016,4,Jan,Rainfall,DSV50,3,1,38.71,High,2313.3,NA,374.3,112,56,03/16/2016,NA,NA,NA,NA,NA,NA,NA,NA,NA,NA
Beruski,14,PIR,2016,1/20/2016,4,Jan,Rainfall,DSV50,4,1,39.5,High,2096,NA,352.5,126,56,03/16/2016,NA,NA,NA,NA,NA,NA,NA,NA,NA,NA
Beruski,14,PIR,2016,1/20/2016,4,Jan,LWDxT,DVIP9,1,3,69.42,High,1721.8,NA,404.4,100,42,03/02/2016,03/16/2016,03/29/2016,NA,NA,NA,14,13,NA,NA,NA
Beruski,14,PIR,2016,1/20/2016,4,Jan,LWDxT,DVIP9,2,3,39.17,High,2315.4,NA,247.7,115,42,03/02/2016,03/16/2016,03/29/2016,NA,NA,NA,14,13,NA,NA,NA
Beruski,14,PIR,2016,1/20/2016,4,Jan,LWDxT,DVIP9,3,3,36.28,High,1923.6,NA,227.1,127,42,03/02/2016,03/16/2016,03/29/2016,NA,NA,NA,14,13,NA,NA,NA
Beruski,14,PIR,2016,1/20/2016,4,Jan,LWDxT,DVIP9,4,3,38.83,High,1490.2,NA,242.3,110,42,03/02/2016,03/16/2016,03/29/2016,NA,NA,NA,14,13,NA,NA,NA
Beruski,14,PIR,2016,1/20/2016,4,Jan,LWDxT,DVIP6,1,3,35.24,High,2476.7,NA,200.3,119,42,03/02/2016,03/16/2016,03/29/2016,NA,NA,NA,14,13,NA,NA,NA
Beruski,14,PIR,2016,1/20/2016,4,Jan,LWDxT,DVIP6,2,3,5.33,High,2196,NA,44.5,101,42,03/02/2016,03/16/2016,03/29/2016,NA,NA,NA,14,13,NA,NA,NA
Beruski,14,PIR,2016,1/20/2016,4,Jan,LWDxT,DVIP6,3,3,38.08,High,2448.9,NA,226.1,124,42,03/02/2016,03/16/2016,03/29/2016,NA,NA,NA,14,13,NA,NA,NA
Beruski,14,PIR,2016,1/20/2016,4,Jan,LWDxT,DVIP6,4,3,37.67,High,2553.9,NA,225.5,127,42,03/02/2016,03/16/2016,03/29/2016,NA,NA,NA,14,13,NA,NA,NA
Beruski,14,PIR,2016,1/20/2016,4,Jan,Rainfall,DSV80,1,0,100,High,1747.8,NA,760.7,105,NA,NA,NA,NA,NA,NA,NA,NA,NA,NA,NA,NA
Beruski,14,PIR,2016,1/20/2016,4,Jan,Rainfall,DSV80,2,0,82.5,High,1578.1,NA,763.4,111,NA,NA,NA,NA,NA,NA,NA,NA,NA,NA,NA,NA
Beruski,14,PIR,2016,1/20/2016,4,Jan,Rainfall,DSV80,3,0,100,High,1660.9,NA,753.1,106,NA,NA,NA,NA,NA,NA,NA,NA,NA,NA,NA,NA
Beruski,14,PIR,2016,1/20/2016,4,Jan,Rainfall,DSV80,4,0,100,High,1418.4,NA,780.7,113,NA,NA,NA,NA,NA,NA,NA,NA,NA,NA,NA,NA
Beruski,14,PIR,2016,1/20/2016,4,Jan,None,UNT,1,0,100,High,1528.4,NA,759,88,NA,NA,NA,NA,NA,NA,NA,NA,NA,NA,NA,NA
Beruski,14,PIR,2016,1/20/2016,4,Jan,None,UNT,2,0,100,High,2037.5,NA,799.3,110,NA,NA,NA,NA,NA,NA,NA,NA,NA,NA,NA,NA
Beruski,14,PIR,2016,1/20/2016,4,Jan,None,UNT,3,0,100,High,1941.7,NA,726.7,93,NA,NA,NA,NA,NA,NA,NA,NA,NA,NA,NA,NA
Beruski,14,PIR,2016,1/20/2016,4,Jan,None,UNT,4,0,100,High,1975.3,NA,835.4,112,NA,NA,NA,NA,NA,NA,NA,NA,NA,NA,NA,NA
Beruski,15,PG,2015,10/16/2014,1,Oct,LWDxT,DVIP9,1,4,33.89,High,3555.6,NA,484.56,178,65,12/20/2014,01/08/2015,01/24/2015,02/21/2015,NA,NA,19,16,28,NA,NA
Beruski,15,PG,2015,10/16/2014,1,Oct,LWDxT,DVIP9,2,4,57.22,High,2629.6,NA,704.62,166,65,12/20/2014,01/08/2015,01/24/2015,02/21/2015,NA,NA,19,16,28,NA,NA
Beruski,15,PG,2015,10/16/2014,1,Oct,LWDxT,DVIP9,3,4,24.89,High,2666.7,NA,494.37,165,65,12/20/2014,01/08/2015,01/24/2015,02/21/2015,NA,NA,19,16,28,NA,NA
Beruski,15,PG,2015,10/16/2014,1,Oct,LWDxT,DVIP9,4,4,35,High,2518.5,NA,675.08,173,65,12/20/2014,01/08/2015,01/24/2015,02/21/2015,NA,NA,19,16,28,NA,NA
Beruski,15,PG,2015,10/16/2014,1,Oct,Rainfall,DSV50,1,5,43.11,High,3000,NA,666.3,174,65,12/20/2014,01/08/2015,01/24/2015,02/10/2015,02/26/2015,NA,19,16,17,16,NA
Beruski,15,PG,2015,10/16/2014,1,Oct,Rainfall,DSV50,2,5,16.67,High,1851.9,NA,718.8,162,65,12/20/2014,01/08/2015,01/24/2015,02/10/2015,02/26/2015,NA,19,16,17,16,NA
Beruski,15,PG,2015,10/16/2014,1,Oct,Rainfall,DSV50,3,5,33.44,High,3037,NA,521.92,157,65,12/20/2014,01/08/2015,01/24/2015,02/10/2015,02/26/2015,NA,19,16,17,16,NA
Beruski,15,PG,2015,10/16/2014,1,Oct,Rainfall,DSV50,4,5,38.33,High,1981.5,NA,693.38,165,65,12/20/2014,01/08/2015,01/24/2015,02/10/2015,02/26/2015,NA,19,16,17,16,NA
Beruski,15,PG,2015,10/16/2014,1,Oct,Growth stage,CAL,1,5,15.11,High,3296.3,NA,951.99,171,65,12/20/2014,01/08/2015,01/24/2015,02/10/2015,02/26/2015,NA,19,16,17,16,NA
Beruski,15,PG,2015,10/16/2014,1,Oct,Growth stage,CAL,2,5,32,High,2963,NA,760.87,187,65,12/20/2014,01/08/2015,01/24/2015,02/10/2015,02/26/2015,NA,19,16,17,16,NA
Beruski,15,PG,2015,10/16/2014,1,Oct,Growth stage,CAL,3,5,41.44,High,2833.3,NA,457.49,174,65,12/20/2014,01/08/2015,01/24/2015,02/10/2015,02/26/2015,NA,19,16,17,16,NA
Beruski,15,PG,2015,10/16/2014,1,Oct,Growth stage,CAL,4,5,42.78,High,2222.2,NA,596.74,162,65,12/20/2014,01/08/2015,01/24/2015,02/10/2015,02/26/2015,NA,19,16,17,16,NA
Beruski,15,PG,2015,10/16/2014,1,Oct,LWDxT,DVIP6,1,6,37.89,High,2351.9,NA,467.08,170,48,12/03/2014,12/20/2014,01/08/2015,01/24/2015,02/10/2015,02/26/2015,17,19,16,17,16
Beruski,15,PG,2015,10/16/2014,1,Oct,LWDxT,DVIP6,2,6,34.56,High,3148.1,NA,430.7,175,48,12/03/2014,12/20/2014,01/08/2015,01/24/2015,02/10/2015,02/26/2015,17,19,16,17,16
Beruski,15,PG,2015,10/16/2014,1,Oct,LWDxT,DVIP6,3,6,49.67,High,4000,NA,614.69,180,48,12/03/2014,12/20/2014,01/08/2015,01/24/2015,02/10/2015,02/26/2015,17,19,16,17,16
Beruski,15,PG,2015,10/16/2014,1,Oct,LWDxT,DVIP6,4,6,42.22,High,3703.7,NA,667.7,177,48,12/03/2014,12/20/2014,01/08/2015,01/24/2015,02/10/2015,02/26/2015,17,19,16,17,16
Beruski,15,PG,2015,10/16/2014,1,Oct,Rainfall,DSV80,1,3,21.89,High,1666.7,NA,563.61,170,84,01/08/2015,01/24/2015,02/21/2015,NA,NA,NA,16,28,NA,NA,NA
Beruski,15,PG,2015,10/16/2014,1,Oct,Rainfall,DSV80,2,3,38.33,High,2222.2,NA,679.97,165,84,01/08/2015,01/24/2015,02/21/2015,NA,NA,NA,16,28,NA,NA,NA
Beruski,15,PG,2015,10/16/2014,1,Oct,Rainfall,DSV80,3,3,28.11,High,1963,NA,630.24,173,84,01/08/2015,01/24/2015,02/21/2015,NA,NA,NA,16,28,NA,NA,NA
Beruski,15,PG,2015,10/16/2014,1,Oct,Rainfall,DSV80,4,3,23.67,High,1851.9,NA,594.22,140,84,01/08/2015,01/24/2015,02/21/2015,NA,NA,NA,16,28,NA,NA,NA
Beruski,15,PG,2015,10/16/2014,1,Oct,None,UNT,1,0,57.22,High,2888.9,NA,1223.64,165,NA,NA,NA,NA,NA,NA,NA,NA,NA,NA,NA,NA
Beruski,15,PG,2015,10/16/2014,1,Oct,None,UNT,2,0,64.78,High,2611.1,NA,1652.66,156,NA,NA,NA,NA,NA,NA,NA,NA,NA,NA,NA,NA
Beruski,15,PG,2015,10/16/2014,1,Oct,None,UNT,3,0,73.56,High,2222.2,NA,1984.23,166,NA,NA,NA,NA,NA,NA,NA,NA,NA,NA,NA,NA
Beruski,15,PG,2015,10/16/2014,1,Oct,None,UNT,4,0,71.78,High,1203.7,NA,1846.46,165,NA,NA,NA,NA,NA,NA,NA,NA,NA,NA,NA,NA
Beruski,16,PG,2015,11/11/2014,2,Nov,LWDxT,DVIP9,1,6,7.23,Low,2435.2,NA,396.81,170,33,12/14/2014,12/29/2014,01/15/2015,02/07/2015,02/21/2015,03/09/2015,15,17,23,14,16
Beruski,16,PG,2015,11/11/2014,2,Nov,LWDxT,DVIP9,2,6,8.61,Low,2398.1,NA,369.08,182,33,12/14/2014,12/29/2014,01/15/2015,02/07/2015,02/21/2015,03/09/2015,15,17,23,14,16
Beruski,16,PG,2015,11/11/2014,2,Nov,LWDxT,DVIP9,3,6,5.27,Low,2287,NA,422.33,177,33,12/14/2014,12/29/2014,01/15/2015,02/07/2015,02/21/2015,03/09/2015,15,17,23,14,16
Beruski,16,PG,2015,11/11/2014,2,Nov,LWDxT,DVIP9,4,6,11.11,Low,2740.7,NA,439.88,173,33,12/14/2014,12/29/2014,01/15/2015,02/07/2015,02/21/2015,03/09/2015,15,17,23,14,16
Beruski,16,PG,2015,11/11/2014,2,Nov,LWDxT,DVIP6,1,6,7.06,Low,3240.7,NA,135.49,181,31,12/12/2014,12/26/2014,01/15/2015,02/07/2015,02/21/2015,03/09/2015,14,20,23,14,16
Beruski,16,PG,2015,11/11/2014,2,Nov,LWDxT,DVIP6,2,6,7.56,Low,3185.2,NA,124.48,177,31,12/12/2014,12/26/2014,01/15/2015,02/07/2015,02/21/2015,03/09/2015,14,20,23,14,16
Beruski,16,PG,2015,11/11/2014,2,Nov,LWDxT,DVIP6,3,6,8.11,Low,2777.8,NA,111.48,190,31,12/12/2014,12/26/2014,01/15/2015,02/07/2015,02/21/2015,03/09/2015,14,20,23,14,16
Beruski,16,PG,2015,11/11/2014,2,Nov,LWDxT,DVIP6,4,6,6.22,Low,4055.6,NA,218.68,170,31,12/12/2014,12/26/2014,01/15/2015,02/07/2015,02/21/2015,03/09/2015,14,20,23,14,16
Beruski,16,PG,2015,11/11/2014,2,Nov,Rainfall,DSV50,1,5,7.11,Low,2601.9,NA,147.17,171,45,12/26/2014,01/15/2015,01/31/2015,02/21/2015,03/09/2015,NA,20,16,21,16,NA
Beruski,16,PG,2015,11/11/2014,2,Nov,Rainfall,DSV50,2,5,11.11,Low,2222.2,NA,328.13,168,45,12/26/2014,01/15/2015,01/31/2015,02/21/2015,03/09/2015,NA,20,16,21,16,NA
Beruski,16,PG,2015,11/11/2014,2,Nov,Rainfall,DSV50,3,5,11.67,Low,2222.2,NA,349.44,155,45,12/26/2014,01/15/2015,01/31/2015,02/21/2015,03/09/2015,NA,20,16,21,16,NA
Beruski,16,PG,2015,11/11/2014,2,Nov,Rainfall,DSV50,4,5,17,Low,2861.1,NA,480.99,156,45,12/26/2014,01/15/2015,01/31/2015,02/21/2015,03/09/2015,NA,20,16,21,16,NA
Beruski,16,PG,2015,11/11/2014,2,Nov,Rainfall,DSV80,1,4,5.9,Low,3351.9,NA,84.57,164,65,01/15/2015,01/31/2015,02/21/2015,03/09/2015,NA,NA,16,21,16,NA,NA
Beruski,16,PG,2015,11/11/2014,2,Nov,Rainfall,DSV80,2,4,14.44,Low,2000,NA,224.44,183,65,01/15/2015,01/31/2015,02/21/2015,03/09/2015,NA,NA,16,21,16,NA,NA
Beruski,16,PG,2015,11/11/2014,2,Nov,Rainfall,DSV80,3,4,5.26,Low,2268.5,NA,150.48,179,65,01/15/2015,01/31/2015,02/21/2015,03/09/2015,NA,NA,16,21,16,NA,NA
Beruski,16,PG,2015,11/11/2014,2,Nov,Rainfall,DSV80,4,4,3.74,Low,3111.1,NA,367.78,194,65,01/15/2015,01/31/2015,02/21/2015,03/09/2015,NA,NA,16,21,16,NA,NA
Beruski,16,PG,2015,11/11/2014,2,Nov,Growth stage,CAL,1,4,12.89,Low,2713,NA,817.28,180,67,01/17/2015,01/31/2015,02/14/2015,02/28/2015,NA,NA,14,14,14,NA,NA
Beruski,16,PG,2015,11/11/2014,2,Nov,Growth stage,CAL,2,4,3.4,Low,3120.4,NA,230.58,177,67,01/17/2015,01/31/2015,02/14/2015,02/28/2015,NA,NA,14,14,14,NA,NA
Beruski,16,PG,2015,11/11/2014,2,Nov,Growth stage,CAL,3,4,13.22,Low,3824.1,NA,385.19,176,67,01/17/2015,01/31/2015,02/14/2015,02/28/2015,NA,NA,14,14,14,NA,NA
Beruski,16,PG,2015,11/11/2014,2,Nov,Growth stage,CAL,4,4,8.67,Low,3851.9,NA,473.94,173,67,01/17/2015,01/31/2015,02/14/2015,02/28/2015,NA,NA,14,14,14,NA,NA
Beruski,16,PG,2015,11/11/2014,2,Nov,None,UNT,1,0,25.44,Low,1463,NA,655.11,154,NA,NA,NA,NA,NA,NA,NA,NA,NA,NA,NA,NA
Beruski,16,PG,2015,11/11/2014,2,Nov,None,UNT,2,0,20.89,Low,1268.5,NA,416.66,155,NA,NA,NA,NA,NA,NA,NA,NA,NA,NA,NA,NA
Beruski,16,PG,2015,11/11/2014,2,Nov,None,UNT,3,0,16.22,Low,1611.1,NA,558.83,178,NA,NA,NA,NA,NA,NA,NA,NA,NA,NA,NA,NA
Beruski,16,PG,2015,11/11/2014,2,Nov,None,UNT,4,0,11.78,Low,1324.1,NA,591.19,156,NA,NA,NA,NA,NA,NA,NA,NA,NA,NA,NA,NA
Beruski,17,PG,2015,12/18/2014,3,Dec,LWDxT,DVIP6,1,4,21.67,High,4074.1,NA,433.67,153,32,01/19/2015,02/10/2015,02/25/2015,03/09/2015,NA,NA,22,15,12,NA,NA
Beruski,17,PG,2015,12/18/2014,3,Dec,LWDxT,DVIP6,2,4,30.67,High,5314.8,NA,320.06,140,32,01/19/2015,02/10/2015,02/25/2015,03/09/2015,NA,NA,22,15,12,NA,NA
Beruski,17,PG,2015,12/18/2014,3,Dec,LWDxT,DVIP6,3,4,31.22,High,5055.6,NA,448.26,149,32,01/19/2015,02/10/2015,02/25/2015,03/09/2015,NA,NA,22,15,12,NA,NA
Beruski,17,PG,2015,12/18/2014,3,Dec,LWDxT,DVIP6,4,4,44,High,4351.9,NA,540.24,159,32,01/19/2015,02/10/2015,02/25/2015,03/09/2015,NA,NA,22,15,12,NA,NA
Beruski,17,PG,2015,12/18/2014,3,Dec,Growth stage,CAL,1,4,41.67,High,2592.6,NA,743.64,141,65,02/21/2015,03/09/2015,03/27/2015,04/07/2015,NA,NA,16,18,11,NA,NA
Beruski,17,PG,2015,12/18/2014,3,Dec,Growth stage,CAL,2,4,51.44,High,4055.6,NA,805.54,127,65,02/21/2015,03/09/2015,03/27/2015,04/07/2015,NA,NA,16,18,11,NA,NA
Beruski,17,PG,2015,12/18/2014,3,Dec,Growth stage,CAL,3,4,46.33,High,2500,NA,489.58,140,65,02/21/2015,03/09/2015,03/27/2015,04/07/2015,NA,NA,16,18,11,NA,NA
Beruski,17,PG,2015,12/18/2014,3,Dec,Growth stage,CAL,4,4,53.89,High,2907.4,NA,650.72,137,65,02/21/2015,03/09/2015,03/27/2015,04/07/2015,NA,NA,16,18,11,NA,NA
Beruski,17,PG,2015,12/18/2014,3,Dec,Rainfall,DSV50,1,3,12.78,High,3777.8,NA,378.89,127,65,02/21/2015,03/09/2015,03/27/2015,NA,NA,NA,16,18,NA,NA,NA
Beruski,17,PG,2015,12/18/2014,3,Dec,Rainfall,DSV50,2,3,18.33,High,3185.2,NA,327.16,133,65,02/21/2015,03/09/2015,03/27/2015,NA,NA,NA,16,18,NA,NA,NA
Beruski,17,PG,2015,12/18/2014,3,Dec,Rainfall,DSV50,3,3,13.11,High,3333.3,NA,491.24,140,65,02/21/2015,03/09/2015,03/27/2015,NA,NA,NA,16,18,NA,NA,NA
Beruski,17,PG,2015,12/18/2014,3,Dec,Rainfall,DSV50,4,3,19,High,3518.5,NA,491.41,140,65,02/21/2015,03/09/2015,03/27/2015,NA,NA,NA,16,18,NA,NA,NA
Beruski,17,PG,2015,12/18/2014,3,Dec,LWDxT,DVIP9,1,3,9.56,High,4592.6,NA,458.02,141,32,01/19/2015,02/21/2015,03/27/2015,NA,NA,NA,33,34,NA,NA,NA
Beruski,17,PG,2015,12/18/2014,3,Dec,LWDxT,DVIP9,2,3,21.78,High,3333.3,NA,330.97,146,32,01/19/2015,02/21/2015,03/27/2015,NA,NA,NA,33,34,NA,NA,NA
Beruski,17,PG,2015,12/18/2014,3,Dec,LWDxT,DVIP9,3,3,17.78,High,4018.5,NA,285.41,149,32,01/19/2015,02/21/2015,03/27/2015,NA,NA,NA,33,34,NA,NA,NA
Beruski,17,PG,2015,12/18/2014,3,Dec,LWDxT,DVIP9,4,3,18.44,High,5185.2,NA,332.22,135,32,01/19/2015,02/21/2015,03/27/2015,NA,NA,NA,33,34,NA,NA,NA
Beruski,17,PG,2015,12/18/2014,3,Dec,None,UNT,1,0,62.78,High,1648.1,NA,1020.48,118,NA,NA,NA,NA,NA,NA,NA,NA,NA,NA,NA,NA
Beruski,17,PG,2015,12/18/2014,3,Dec,None,UNT,2,0,63.89,High,925.9,NA,977.92,116,NA,NA,NA,NA,NA,NA,NA,NA,NA,NA,NA,NA
Beruski,17,PG,2015,12/18/2014,3,Dec,None,UNT,3,0,69.44,High,1277.8,NA,999.58,110,NA,NA,NA,NA,NA,NA,NA,NA,NA,NA,NA,NA
Beruski,17,PG,2015,12/18/2014,3,Dec,None,UNT,4,0,88.89,High,1000,NA,1296.72,114,NA,NA,NA,NA,NA,NA,NA,NA,NA,NA,NA,NA
Beruski,17,PG,2015,12/18/2014,3,Dec,Rainfall,DSV80,1,0,51.56,High,1851.9,NA,766.97,112,NA,NA,NA,NA,NA,NA,NA,NA,NA,NA,NA,NA
Beruski,17,PG,2015,12/18/2014,3,Dec,Rainfall,DSV80,2,0,46.72,High,2037,NA,524.43,112,NA,NA,NA,NA,NA,NA,NA,NA,NA,NA,NA,NA
Beruski,17,PG,2015,12/18/2014,3,Dec,Rainfall,DSV80,3,0,45.56,High,1759.3,NA,632.57,133,NA,NA,NA,NA,NA,NA,NA,NA,NA,NA,NA,NA
Beruski,17,PG,2015,12/18/2014,3,Dec,Rainfall,DSV80,4,0,50.89,High,1555.6,NA,767.87,121,NA,NA,NA,NA,NA,NA,NA,NA,NA,NA,NA,NA
Beruski,18,PG,2015,1/15/2015,4,Jan,Rainfall,DSV50,1,1,50.56,High,899,NA,779.07,131,71,03/27/2015,NA,NA,NA,NA,NA,NA,NA,NA,NA,NA
Beruski,18,PG,2015,1/15/2015,4,Jan,Rainfall,DSV50,2,1,70,High,879.6,NA,801.02,151,71,03/27/2015,NA,NA,NA,NA,NA,NA,NA,NA,NA,NA
Beruski,18,PG,2015,1/15/2015,4,Jan,Rainfall,DSV50,3,1,67.44,High,850,NA,919.49,140,71,03/27/2015,NA,NA,NA,NA,NA,NA,NA,NA,NA,NA
Beruski,18,PG,2015,1/15/2015,4,Jan,Rainfall,DSV50,4,1,65.67,High,1372.8,NA,965.38,138,71,03/27/2015,NA,NA,NA,NA,NA,NA,NA,NA,NA,NA
Beruski,18,PG,2015,1/15/2015,4,Jan,Growth stage,CAL,1,3,48.61,High,1200,NA,1194.26,141,53,03/09/2015,03/27/2015,04/11/2015,NA,NA,NA,18,15,NA,NA,NA
Beruski,18,PG,2015,1/15/2015,4,Jan,Growth stage,CAL,2,3,43,High,1070.4,NA,1080.76,152,53,03/09/2015,03/27/2015,04/11/2015,NA,NA,NA,18,15,NA,NA,NA
Beruski,18,PG,2015,1/15/2015,4,Jan,Growth stage,CAL,3,3,67.5,High,1100,NA,1173.13,143,53,03/09/2015,03/27/2015,04/11/2015,NA,NA,NA,18,15,NA,NA,NA
Beruski,18,PG,2015,1/15/2015,4,Jan,Growth stage,CAL,4,3,53.61,High,1237.8,NA,1162.41,145,53,03/09/2015,03/27/2015,04/11/2015,NA,NA,NA,18,15,NA,NA,NA
Beruski,18,PG,2015,1/15/2015,4,Jan,LWDxT,DVIP9,1,2,23.22,High,1436.7,NA,537.2,148,55,03/11/2015,03/28/2015,NA,NA,NA,NA,17,NA,NA,NA,NA
Beruski,18,PG,2015,1/15/2015,4,Jan,LWDxT,DVIP9,2,2,31.44,High,2609.3,NA,478.22,140,55,03/11/2015,03/28/2015,NA,NA,NA,NA,17,NA,NA,NA,NA
Beruski,18,PG,2015,1/15/2015,4,Jan,LWDxT,DVIP9,3,2,43.81,High,2051.9,NA,496.87,148,55,03/11/2015,03/28/2015,NA,NA,NA,NA,17,NA,NA,NA,NA
Beruski,18,PG,2015,1/15/2015,4,Jan,LWDxT,DVIP9,4,2,48.11,High,2095,NA,691.38,149,55,03/11/2015,03/28/2015,NA,NA,NA,NA,17,NA,NA,NA,NA
Beruski,18,PG,2015,1/15/2015,4,Jan,LWDxT,DVIP6,1,2,36.78,High,2006.3,NA,465.81,135,53,03/09/2015,03/28/2015,NA,NA,NA,NA,19,NA,NA,NA,NA
Beruski,18,PG,2015,1/15/2015,4,Jan,LWDxT,DVIP6,2,2,24.78,High,3221.1,NA,247.04,88,53,03/09/2015,03/28/2015,NA,NA,NA,NA,19,NA,NA,NA,NA
Beruski,18,PG,2015,1/15/2015,4,Jan,LWDxT,DVIP6,3,2,27.67,High,2712.2,NA,502.11,143,53,03/09/2015,03/28/2015,NA,NA,NA,NA,19,NA,NA,NA,NA
Beruski,18,PG,2015,1/15/2015,4,Jan,LWDxT,DVIP6,4,2,30,High,2336.3,NA,394.64,148,53,03/09/2015,03/28/2015,NA,NA,NA,NA,19,NA,NA,NA,NA
Beruski,18,PG,2015,1/15/2015,4,Jan,None,UNT,1,0,73.89,High,500,NA,2012.23,153,NA,NA,NA,NA,NA,NA,NA,NA,NA,NA,NA,NA
Beruski,18,PG,2015,1/15/2015,4,Jan,None,UNT,2,0,73.89,High,451.5,NA,1815.84,142,NA,NA,NA,NA,NA,NA,NA,NA,NA,NA,NA,NA
Beruski,18,PG,2015,1/15/2015,4,Jan,None,UNT,3,0,80,High,427.8,NA,1953.88,134,NA,NA,NA,NA,NA,NA,NA,NA,NA,NA,NA,NA
Beruski,18,PG,2015,1/15/2015,4,Jan,None,UNT,4,0,96.33,High,494.4,NA,2005.22,147,NA,NA,NA,NA,NA,NA,NA,NA,NA,NA,NA,NA
Beruski,18,PG,2015,1/15/2015,4,Jan,Rainfall,DSV80,1,0,46.44,High,464.5,NA,713.79,131,NA,NA,NA,NA,NA,NA,NA,NA,NA,NA,NA,NA
Beruski,18,PG,2015,1/15/2015,4,Jan,Rainfall,DSV80,2,0,52.94,High,300,NA,883.97,124,NA,NA,NA,NA,NA,NA,NA,NA,NA,NA,NA,NA
Beruski,18,PG,2015,1/15/2015,4,Jan,Rainfall,DSV80,3,0,42.94,High,213,NA,614.27,133,NA,NA,NA,NA,NA,NA,NA,NA,NA,NA,NA,NA
Beruski,18,PG,2015,1/15/2015,4,Jan,Rainfall,DSV80,4,0,43.56,High,709.4,NA,861.22,127,NA,NA,NA,NA,NA,NA,NA,NA,NA,NA,NA,NA
Beruski,19,PG,2016,11/21/2015,2,Nov,LWDxT,DVIP6,1,5,5.77,Low,2447,NA,124.57,155,31,12/22/2015,01/09/2016,02/05/2016,02/29/2016,03/19/2016,NA,18,27,24,19,NA
Beruski,19,PG,2016,11/21/2015,2,Nov,LWDxT,DVIP6,2,5,5.75,Low,2299.4,NA,119.21,126,31,12/22/2015,01/09/2016,02/05/2016,02/29/2016,03/19/2016,NA,18,27,24,19,NA
Beruski,19,PG,2016,11/21/2015,2,Nov,LWDxT,DVIP6,3,5,6.8,Low,2547,NA,140.12,121,31,12/22/2015,01/09/2016,02/05/2016,02/29/2016,03/19/2016,NA,18,27,24,19,NA
Beruski,19,PG,2016,11/21/2015,2,Nov,LWDxT,DVIP6,4,5,5.47,Low,2881.3,NA,133.72,127,31,12/22/2015,01/09/2016,02/05/2016,02/29/2016,03/19/2016,NA,18,27,24,19,NA
Beruski,19,PG,2016,11/21/2015,2,Nov,LWDxT,DVIP9,1,4,7.27,Low,3335.9,NA,166.08,127,44,01/04/2016,02/05/2016,02/29/2016,03/19/2016,NA,NA,32,24,19,NA,NA
Beruski,19,PG,2016,11/21/2015,2,Nov,LWDxT,DVIP9,2,4,6.63,Low,2725,NA,127.33,126,44,01/04/2016,02/05/2016,02/29/2016,03/19/2016,NA,NA,32,24,19,NA,NA
Beruski,19,PG,2016,11/21/2015,2,Nov,LWDxT,DVIP9,3,4,6.93,Low,3395.2,NA,139.95,126,44,01/04/2016,02/05/2016,02/29/2016,03/19/2016,NA,NA,32,24,19,NA,NA
Beruski,19,PG,2016,11/21/2015,2,Nov,LWDxT,DVIP9,4,4,7.38,Low,3428.3,NA,137.38,120,44,01/04/2016,02/05/2016,02/29/2016,03/19/2016,NA,NA,32,24,19,NA,NA
Beruski,19,PG,2016,11/21/2015,2,Nov,Growth stage,CAL,1,5,2.62,Low,3790,NA,87.39,129,55,01/15/2016,01/30/2016,02/12/2016,02/29/2016,03/18/2016,NA,15,13,17,18,NA
Beruski,19,PG,2016,11/21/2015,2,Nov,Growth stage,CAL,2,5,2.66,Low,3537.4,NA,97.48,131,55,01/15/2016,01/30/2016,02/12/2016,02/29/2016,03/18/2016,NA,15,13,17,18,NA
Beruski,19,PG,2016,11/21/2015,2,Nov,Growth stage,CAL,3,5,3.66,Low,3727.6,NA,101.33,135,55,01/15/2016,01/30/2016,02/12/2016,02/29/2016,03/18/2016,NA,15,13,17,18,NA
Beruski,19,PG,2016,11/21/2015,2,Nov,Growth stage,CAL,4,5,3.4,Low,3170.2,NA,83.13,128,55,01/15/2016,01/30/2016,02/12/2016,02/29/2016,03/18/2016,NA,15,13,17,18,NA
Beruski,19,PG,2016,11/21/2015,2,Nov,Rainfall,DSV50,1,5,6.3,Low,3780.2,NA,160.59,129,44,01/04/2016,01/25/2016,02/12/2016,02/29/2016,03/19/2016,NA,21,18,17,19,NA
Beruski,19,PG,2016,11/21/2015,2,Nov,Rainfall,DSV50,2,5,6,Low,2910.7,NA,109.83,120,44,01/04/2016,01/25/2016,02/12/2016,02/29/2016,03/19/2016,NA,21,18,17,19,NA
Beruski,19,PG,2016,11/21/2015,2,Nov,Rainfall,DSV50,3,5,5.47,Low,3257.4,NA,94.88,140,44,01/04/2016,01/25/2016,02/12/2016,02/29/2016,03/19/2016,NA,21,18,17,19,NA
Beruski,19,PG,2016,11/21/2015,2,Nov,Rainfall,DSV50,4,5,5.75,Low,2777.8,NA,116.55,122,44,01/04/2016,01/25/2016,02/12/2016,02/29/2016,03/19/2016,NA,21,18,17,19,NA
Beruski,19,PG,2016,11/21/2015,2,Nov,Rainfall,DSV80,1,2,9.22,Low,1158.7,NA,189.38,90,55,01/15/2016,02/29/2016,NA,NA,NA,NA,45,NA,NA,NA,NA
Beruski,19,PG,2016,11/21/2015,2,Nov,Rainfall,DSV80,2,2,11.88,Low,1001.5,NA,177.13,93,55,01/15/2016,02/29/2016,NA,NA,NA,NA,45,NA,NA,NA,NA
Beruski,19,PG,2016,11/21/2015,2,Nov,Rainfall,DSV80,3,2,12.22,Low,849.6,NA,159.39,98,55,01/15/2016,02/29/2016,NA,NA,NA,NA,45,NA,NA,NA,NA
Beruski,19,PG,2016,11/21/2015,2,Nov,Rainfall,DSV80,4,2,13.17,Low,1427.2,NA,178.92,90,55,01/15/2016,02/29/2016,NA,NA,NA,NA,45,NA,NA,NA,NA
Beruski,19,PG,2016,11/21/2015,2,Nov,None,UNT,1,0,15.92,Low,1424.8,NA,269.03,92,NA,NA,NA,NA,NA,NA,NA,NA,NA,NA,NA,NA
Beruski,19,PG,2016,11/21/2015,2,Nov,None,UNT,2,0,16.83,Low,1220.2,NA,241.77,92,NA,NA,NA,NA,NA,NA,NA,NA,NA,NA,NA,NA
Beruski,19,PG,2016,11/21/2015,2,Nov,None,UNT,3,0,15.58,Low,1285,NA,225.89,111,NA,NA,NA,NA,NA,NA,NA,NA,NA,NA,NA,NA
Beruski,19,PG,2016,11/21/2015,2,Nov,None,UNT,4,0,17.33,Low,1211.1,NA,239.04,89,NA,NA,NA,NA,NA,NA,NA,NA,NA,NA,NA,NA
Beruski,20,PG,2016,12/11/2015,3,Dec,LWDxT,DVIP9,1,4,8.5,Low,2615.4,NA,85.98,123,45,01/25/2016,02/12/2016,02/29/2016,03/19/2016,NA,NA,18,17,19,NA,NA
Beruski,20,PG,2016,12/11/2015,3,Dec,LWDxT,DVIP9,2,4,8,Low,2400,NA,71.69,122,45,01/25/2016,02/12/2016,02/29/2016,03/19/2016,NA,NA,18,17,19,NA,NA
Beruski,20,PG,2016,12/11/2015,3,Dec,LWDxT,DVIP9,3,4,7.92,Low,2916.1,NA,101.13,127,45,01/25/2016,02/12/2016,02/29/2016,03/19/2016,NA,NA,18,17,19,NA,NA
Beruski,20,PG,2016,12/11/2015,3,Dec,LWDxT,DVIP9,4,4,9.75,Low,2545.7,NA,88.8,120,45,01/25/2016,02/12/2016,02/29/2016,03/19/2016,NA,NA,18,17,19,NA,NA
Beruski,20,PG,2016,12/11/2015,3,Dec,LWDxT,DVIP6,1,4,3.08,Low,2500,NA,41.85,134,45,01/25/2016,02/12/2016,02/29/2016,03/19/2016,NA,NA,18,17,19,NA,NA
Beruski,20,PG,2016,12/11/2015,3,Dec,LWDxT,DVIP6,2,4,3.5,Low,2713.5,NA,72.85,126,45,01/25/2016,02/12/2016,02/29/2016,03/19/2016,NA,NA,18,17,19,NA,NA
Beruski,20,PG,2016,12/11/2015,3,Dec,LWDxT,DVIP6,3,4,3.75,Low,2227,NA,78.36,125,45,01/25/2016,02/12/2016,02/29/2016,03/19/2016,NA,NA,18,17,19,NA,NA
Beruski,20,PG,2016,12/11/2015,3,Dec,LWDxT,DVIP6,4,4,2.85,Low,2336.5,NA,77.31,130,45,01/25/2016,02/12/2016,02/29/2016,03/19/2016,NA,NA,18,17,19,NA,NA
Beruski,20,PG,2016,12/11/2015,3,Dec,Rainfall,DSV80,1,1,8.64,Low,579.3,NA,75.09,95,80,02/29/2016,NA,NA,NA,NA,NA,NA,NA,NA,NA,NA
Beruski,20,PG,2016,12/11/2015,3,Dec,Rainfall,DSV80,2,1,11.09,Low,848.3,NA,94.51,97,80,02/29/2016,NA,NA,NA,NA,NA,NA,NA,NA,NA,NA
Beruski,20,PG,2016,12/11/2015,3,Dec,Rainfall,DSV80,3,1,10.73,Low,800,NA,106.42,98,80,02/29/2016,NA,NA,NA,NA,NA,NA,NA,NA,NA,NA
Beruski,20,PG,2016,12/11/2015,3,Dec,Rainfall,DSV80,4,1,11.1,Low,712.2,NA,92.55,102,80,02/29/2016,NA,NA,NA,NA,NA,NA,NA,NA,NA,NA
Beruski,20,PG,2016,12/11/2015,3,Dec,Rainfall,DSV50,1,3,6.67,Low,1803.7,NA,76.33,115,56,02/05/2016,02/29/2016,03/19/2016,NA,NA,NA,24,19,NA,NA,NA
Beruski,20,PG,2016,12/11/2015,3,Dec,Rainfall,DSV50,2,3,6.09,Low,1906.9,NA,77.26,111,56,02/05/2016,02/29/2016,03/19/2016,NA,NA,NA,24,19,NA,NA,NA
Beruski,20,PG,2016,12/11/2015,3,Dec,Rainfall,DSV50,3,3,6.27,Low,2021.5,NA,88.17,114,56,02/05/2016,02/29/2016,03/19/2016,NA,NA,NA,24,19,NA,NA,NA
Beruski,20,PG,2016,12/11/2015,3,Dec,Rainfall,DSV50,4,3,6.55,Low,1867,NA,91.43,121,56,02/05/2016,02/29/2016,03/19/2016,NA,NA,NA,24,19,NA,NA,NA
Beruski,20,PG,2016,12/11/2015,3,Dec,Growth stage,CAL,1,3,3.3,Low,1909.4,NA,54.84,110,56,02/05/2016,02/29/2016,03/19/2016,NA,NA,NA,24,19,NA,NA,NA
Beruski,20,PG,2016,12/11/2015,3,Dec,Growth stage,CAL,2,3,4.17,Low,2435.9,NA,79.35,114,56,02/05/2016,02/29/2016,03/19/2016,NA,NA,NA,24,19,NA,NA,NA
Beruski,20,PG,2016,12/11/2015,3,Dec,Growth stage,CAL,3,3,4.02,Low,2077.8,NA,79.85,113,56,02/05/2016,02/29/2016,03/19/2016,NA,NA,NA,24,19,NA,NA,NA
Beruski,20,PG,2016,12/11/2015,3,Dec,Growth stage,CAL,4,3,3.66,Low,2205,NA,80.18,110,56,02/05/2016,02/29/2016,03/19/2016,NA,NA,NA,24,19,NA,NA,NA
Beruski,20,PG,2016,12/11/2015,3,Dec,None,UNT,1,0,11.45,Low,750,NA,94.68,96,NA,NA,NA,NA,NA,NA,NA,NA,NA,NA,NA,NA
Beruski,20,PG,2016,12/11/2015,3,Dec,None,UNT,2,0,14.8,Low,707.4,NA,123.36,99,NA,NA,NA,NA,NA,NA,NA,NA,NA,NA,NA,NA
Beruski,20,PG,2016,12/11/2015,3,Dec,None,UNT,3,0,10.64,Low,939.3,NA,79.79,88,NA,NA,NA,NA,NA,NA,NA,NA,NA,NA,NA,NA
Beruski,20,PG,2016,12/11/2015,3,Dec,None,UNT,4,0,11.36,Low,644.8,NA,106.94,91,NA,NA,NA,NA,NA,NA,NA,NA,NA,NA,NA,NA
Beruski,21,PG,2016,1/23/2016,4,Jan,Growth stage,CAL,1,4,0.1,Low,1921.1,NA,160.3,134,39,03/02/2016,03/16/2016,04/09/2016,04/22/2016,NA,NA,14,24,13,NA,NA
Beruski,21,PG,2016,1/23/2016,4,Jan,Growth stage,CAL,2,4,7,Low,1545.2,NA,194.9,125,39,03/02/2016,03/16/2016,04/09/2016,04/22/2016,NA,NA,14,24,13,NA,NA
Beruski,21,PG,2016,1/23/2016,4,Jan,Growth stage,CAL,3,4,5,Low,1654.8,NA,165,109,39,03/02/2016,03/16/2016,04/09/2016,04/22/2016,NA,NA,14,24,13,NA,NA
Beruski,21,PG,2016,1/23/2016,4,Jan,Growth stage,CAL,4,4,0.6,Low,1037,NA,174.5,109,39,03/02/2016,03/16/2016,04/09/2016,04/22/2016,NA,NA,14,24,13,NA,NA
Beruski,21,PG,2016,1/23/2016,4,Jan,LWDxT,DVIP6,1,3,0.6,Low,1198.1,NA,174.6,104,56,03/19/2016,04/09/2016,04/22/2016,NA,NA,NA,21,13,NA,NA,NA
Beruski,21,PG,2016,1/23/2016,4,Jan,LWDxT,DVIP6,2,3,9,Low,1134.4,NA,183.2,111,56,03/19/2016,04/09/2016,04/22/2016,NA,NA,NA,21,13,NA,NA,NA
Beruski,21,PG,2016,1/23/2016,4,Jan,LWDxT,DVIP6,3,3,6,Low,1472.6,NA,169.8,123,56,03/19/2016,04/09/2016,04/22/2016,NA,NA,NA,21,13,NA,NA,NA
Beruski,21,PG,2016,1/23/2016,4,Jan,LWDxT,DVIP6,4,3,9,Low,803.9,NA,209.5,120,56,03/19/2016,04/09/2016,04/22/2016,NA,NA,NA,21,13,NA,NA,NA
Beruski,21,PG,2016,1/23/2016,4,Jan,LWDxT,DVIP9,1,2,5,Low,959.6,NA,183.4,102,56,03/19/2016,04/22/2016,NA,NA,NA,NA,34,NA,NA,NA,NA
Beruski,21,PG,2016,1/23/2016,4,Jan,LWDxT,DVIP9,2,2,6,Low,981.5,NA,203.6,109,56,03/19/2016,04/22/2016,NA,NA,NA,NA,34,NA,NA,NA,NA
Beruski,21,PG,2016,1/23/2016,4,Jan,LWDxT,DVIP9,3,2,7,Low,1177.4,NA,172,114,56,03/19/2016,04/22/2016,NA,NA,NA,NA,34,NA,NA,NA,NA
Beruski,21,PG,2016,1/23/2016,4,Jan,LWDxT,DVIP9,4,2,7,Low,465.4,NA,175.5,101,56,03/19/2016,04/22/2016,NA,NA,NA,NA,34,NA,NA,NA,NA
Beruski,21,PG,2016,1/23/2016,4,Jan,None,UNT,1,0,14.83,Low,657.4,NA,304.1,102,NA,NA,NA,NA,NA,NA,NA,NA,NA,NA,NA,NA
Beruski,21,PG,2016,1/23/2016,4,Jan,None,UNT,2,0,16.25,Low,766.5,NA,281.1,115,NA,NA,NA,NA,NA,NA,NA,NA,NA,NA,NA,NA
Beruski,21,PG,2016,1/23/2016,4,Jan,None,UNT,3,0,15.25,Low,854.1,NA,264.7,125,NA,NA,NA,NA,NA,NA,NA,NA,NA,NA,NA,NA
Beruski,21,PG,2016,1/23/2016,4,Jan,None,UNT,4,0,13.5,Low,778.1,NA,259.1,102,NA,NA,NA,NA,NA,NA,NA,NA,NA,NA,NA,NA
Beruski,21,PG,2016,1/23/2016,4,Jan,Rainfall,DSV80,1,0,22,Low,715.4,NA,204.6,100,NA,NA,NA,NA,NA,NA,NA,NA,NA,NA,NA,NA
Beruski,21,PG,2016,1/23/2016,4,Jan,Rainfall,DSV80,2,0,25,Low,1254.4,NA,307.4,103,NA,NA,NA,NA,NA,NA,NA,NA,NA,NA,NA,NA
Beruski,21,PG,2016,1/23/2016,4,Jan,Rainfall,DSV80,3,0,15,Low,628.9,NA,267.6,97,NA,NA,NA,NA,NA,NA,NA,NA,NA,NA,NA,NA
Beruski,21,PG,2016,1/23/2016,4,Jan,Rainfall,DSV80,4,0,7,Low,1015,NA,242,113,NA,NA,NA,NA,NA,NA,NA,NA,NA,NA,NA,NA
Beruski,21,PG,2016,1/23/2016,4,Jan,Rainfall,DSV50,1,0,0.6,Low,648.7,NA,212.2,99,NA,NA,NA,NA,NA,NA,NA,NA,NA,NA,NA,NA
Beruski,21,PG,2016,1/23/2016,4,Jan,Rainfall,DSV50,2,0,6,Low,874.8,NA,216.3,97,NA,NA,NA,NA,NA,NA,NA,NA,NA,NA,NA,NA
Beruski,21,PG,2016,1/23/2016,4,Jan,Rainfall,DSV50,3,0,5,Low,900.6,NA,191.2,101,NA,NA,NA,NA,NA,NA,NA,NA,NA,NA,NA,NA
Beruski,21,PG,2016,1/23/2016,4,Jan,Rainfall,DSV50,4,0,5,Low,1060.7,NA,194.1,113,NA,NA,NA,NA,NA,NA,NA,NA,NA,NA,NA,NA
Beruski,22,CV,2015,10/21/2014,1,Oct,LWDxT,DVIP9,1,5,NA,Low,4263.9,80,NA,153.5,44,12/04/2014,12/18/2014,01/09/2015,01/28/2015,02/21/2015,NA,14,22,19,24,NA
Beruski,22,CV,2015,10/21/2014,1,Oct,LWDxT,DVIP9,2,5,NA,Low,3958.3,85,NA,142.5,44,12/04/2014,12/18/2014,01/09/2015,01/28/2015,02/21/2015,NA,14,22,19,24,NA
Beruski,22,CV,2015,10/21/2014,1,Oct,LWDxT,DVIP9,3,5,NA,Low,4305.6,85,NA,155,44,12/04/2014,12/18/2014,01/09/2015,01/28/2015,02/21/2015,NA,14,22,19,24,NA
Beruski,22,CV,2015,10/21/2014,1,Oct,LWDxT,DVIP9,4,5,NA,Low,4833.3,80,NA,174,44,12/04/2014,12/18/2014,01/09/2015,01/28/2015,02/21/2015,NA,14,22,19,24,NA
Beruski,22,CV,2015,10/21/2014,1,Oct,LWDxT,DVIP6,1,5,NA,Low,5013.9,80,NA,180.5,44,12/04/2014,12/18/2014,01/09/2015,01/28/2015,02/21/2015,NA,14,22,19,24,NA
Beruski,22,CV,2015,10/21/2014,1,Oct,LWDxT,DVIP6,2,5,NA,Low,3861.1,85,NA,139,44,12/04/2014,12/18/2014,01/09/2015,01/28/2015,02/21/2015,NA,14,22,19,24,NA
Beruski,22,CV,2015,10/21/2014,1,Oct,LWDxT,DVIP6,3,5,NA,Low,3930.6,83,NA,141.5,44,12/04/2014,12/18/2014,01/09/2015,01/28/2015,02/21/2015,NA,14,22,19,24,NA
Beruski,22,CV,2015,10/21/2014,1,Oct,LWDxT,DVIP6,4,5,NA,Low,3958.3,85,NA,142.5,44,12/04/2014,12/18/2014,01/09/2015,01/28/2015,02/21/2015,NA,14,22,19,24,NA
Beruski,22,CV,2015,10/21/2014,1,Oct,Growth stage,CAL,1,5,NA,Low,4027.8,80,NA,145,56,12/16/2014,12/30/2014,01/14/2015,01/28/2015,02/12/2015,NA,14,15,14,15,NA
Beruski,22,CV,2015,10/21/2014,1,Oct,Growth stage,CAL,2,5,NA,Low,4222.2,85,NA,152,56,12/16/2014,12/30/2014,01/14/2015,01/28/2015,02/12/2015,NA,14,15,14,15,NA
Beruski,22,CV,2015,10/21/2014,1,Oct,Growth stage,CAL,3,5,NA,Low,4277.8,78,NA,154,56,12/16/2014,12/30/2014,01/14/2015,01/28/2015,02/12/2015,NA,14,15,14,15,NA
Beruski,22,CV,2015,10/21/2014,1,Oct,Growth stage,CAL,4,5,NA,Low,4208.3,75,NA,151.5,56,12/16/2014,12/30/2014,01/14/2015,01/28/2015,02/12/2015,NA,14,15,14,15,NA
Beruski,22,CV,2015,10/21/2014,1,Oct,Rainfall,DSV50,1,5,NA,Low,4250,80,NA,153,53,12/13/2014,12/26/2014,01/14/2015,01/28/2015,02/21/2015,NA,13,19,14,24,NA
Beruski,22,CV,2015,10/21/2014,1,Oct,Rainfall,DSV50,2,5,NA,Low,4083.3,85,NA,147,53,12/13/2014,12/26/2014,01/14/2015,01/28/2015,02/21/2015,NA,13,19,14,24,NA
Beruski,22,CV,2015,10/21/2014,1,Oct,Rainfall,DSV50,3,5,NA,Low,4430.6,80,NA,159.5,53,12/13/2014,12/26/2014,01/14/2015,01/28/2015,02/21/2015,NA,13,19,14,24,NA
Beruski,22,CV,2015,10/21/2014,1,Oct,Rainfall,DSV50,4,5,NA,Low,3402.8,75,NA,122.5,53,12/13/2014,12/26/2014,01/14/2015,01/28/2015,02/21/2015,NA,13,19,14,24,NA
Beruski,22,CV,2015,10/21/2014,1,Oct,Rainfall,DSV80,1,4,NA,Low,4152.8,80,NA,149.5,53,12/13/2014,12/26/2014,01/14/2015,01/28/2015,NA,NA,13,19,14,NA,NA
Beruski,22,CV,2015,10/21/2014,1,Oct,Rainfall,DSV80,2,4,NA,Low,3847.2,80,NA,138.5,53,12/13/2014,12/26/2014,01/14/2015,01/28/2015,NA,NA,13,19,14,NA,NA
Beruski,22,CV,2015,10/21/2014,1,Oct,Rainfall,DSV80,3,4,NA,Low,4041.7,78,NA,145.5,53,12/13/2014,12/26/2014,01/14/2015,01/28/2015,NA,NA,13,19,14,NA,NA
Beruski,22,CV,2015,10/21/2014,1,Oct,Rainfall,DSV80,4,4,NA,Low,4138.9,83,NA,149,53,12/13/2014,12/26/2014,01/14/2015,01/28/2015,NA,NA,13,19,14,NA,NA
Beruski,22,CV,2015,10/21/2014,1,Oct,None,UNT,1,0,NA,Low,2277.8,98,NA,82,NA,NA,NA,NA,NA,NA,NA,NA,NA,NA,NA,NA
Beruski,22,CV,2015,10/21/2014,1,Oct,None,UNT,2,0,NA,Low,3680.6,98,NA,132.5,NA,NA,NA,NA,NA,NA,NA,NA,NA,NA,NA,NA
Beruski,22,CV,2015,10/21/2014,1,Oct,None,UNT,3,0,NA,Low,3583.3,98,NA,129,NA,NA,NA,NA,NA,NA,NA,NA,NA,NA,NA,NA
Beruski,22,CV,2015,10/21/2014,1,Oct,None,UNT,4,0,NA,Low,3208.3,97,NA,115.5,NA,NA,NA,NA,NA,NA,NA,NA,NA,NA,NA,NA
Beruski,23,CV,2015,11/13/2014,2,Nov,LWDxT,DVIP9,1,6,NA,High,2996.9,93,NA,161.8,30,12/13/2014,01/06/2015,01/21/2015,02/06/2015,02/21/2015,03/10/2015,24,15,16,15,17
Beruski,23,CV,2015,11/13/2014,2,Nov,LWDxT,DVIP9,2,6,NA,High,3055.6,97,NA,165,30,12/13/2014,01/06/2015,01/21/2015,02/06/2015,02/21/2015,03/10/2015,24,15,16,15,17
Beruski,23,CV,2015,11/13/2014,2,Nov,LWDxT,DVIP9,3,6,NA,High,3074.1,95,NA,166,30,12/13/2014,01/06/2015,01/21/2015,02/06/2015,02/21/2015,03/10/2015,24,15,16,15,17
Beruski,23,CV,2015,11/13/2014,2,Nov,LWDxT,DVIP9,4,6,NA,High,2861.1,93,NA,154.5,30,12/13/2014,01/06/2015,01/21/2015,02/06/2015,02/21/2015,03/10/2015,24,15,16,15,17
Beruski,23,CV,2015,11/13/2014,2,Nov,LWDxT,DVIP6,1,6,NA,High,2981.5,88,NA,161,30,12/13/2014,01/06/2015,01/21/2015,02/06/2015,02/21/2015,03/10/2015,24,15,16,15,17
Beruski,23,CV,2015,11/13/2014,2,Nov,LWDxT,DVIP6,2,6,NA,High,2731.5,95,NA,147.5,30,12/13/2014,01/06/2015,01/21/2015,02/06/2015,02/21/2015,03/10/2015,24,15,16,15,17
Beruski,23,CV,2015,11/13/2014,2,Nov,LWDxT,DVIP6,3,6,NA,High,2888.9,93,NA,156,30,12/13/2014,01/06/2015,01/21/2015,02/06/2015,02/21/2015,03/10/2015,24,15,16,15,17
Beruski,23,CV,2015,11/13/2014,2,Nov,LWDxT,DVIP6,4,6,NA,High,2620.4,95,NA,141.5,30,12/13/2014,01/06/2015,01/21/2015,02/06/2015,02/21/2015,03/10/2015,24,15,16,15,17
Beruski,23,CV,2015,11/13/2014,2,Nov,Rainfall,DSV80,1,5,NA,High,2731.5,90,NA,147.5,40,12/23/2014,01/09/2015,01/28/2015,02/12/2015,03/03/2015,NA,17,19,15,19,NA
Beruski,23,CV,2015,11/13/2014,2,Nov,Rainfall,DSV80,2,5,NA,High,2546.3,95,NA,137.5,40,12/23/2014,01/09/2015,01/28/2015,02/12/2015,03/03/2015,NA,17,19,15,19,NA
Beruski,23,CV,2015,11/13/2014,2,Nov,Rainfall,DSV80,3,5,NA,High,2796.3,95,NA,151,40,12/23/2014,01/09/2015,01/28/2015,02/12/2015,03/03/2015,NA,17,19,15,19,NA
Beruski,23,CV,2015,11/13/2014,2,Nov,Rainfall,DSV80,4,5,NA,High,2750,95,NA,148.5,40,12/23/2014,01/09/2015,01/28/2015,02/12/2015,03/03/2015,NA,17,19,15,19,NA
Beruski,23,CV,2015,11/13/2014,2,Nov,Rainfall,DSV50,1,5,NA,High,2750,95,NA,148.5,40,12/23/2014,01/09/2015,01/28/2015,02/11/2015,02/25/2015,NA,17,19,14,14,NA
Beruski,23,CV,2015,11/13/2014,2,Nov,Rainfall,DSV50,2,5,NA,High,3027.8,95,NA,163.5,40,12/23/2014,01/09/2015,01/28/2015,02/11/2015,02/25/2015,NA,17,19,14,14,NA
Beruski,23,CV,2015,11/13/2014,2,Nov,Rainfall,DSV50,3,5,NA,High,2916.7,97,NA,157.5,40,12/23/2014,01/09/2015,01/28/2015,02/11/2015,02/25/2015,NA,17,19,14,14,NA
Beruski,23,CV,2015,11/13/2014,2,Nov,Rainfall,DSV50,4,5,NA,High,2972.2,95,NA,160.5,40,12/23/2014,01/09/2015,01/28/2015,02/11/2015,02/25/2015,NA,17,19,14,14,NA
Beruski,23,CV,2015,11/13/2014,2,Nov,Growth stage,CAL,1,5,NA,High,2509.3,90,NA,135.5,43,12/26/2014,01/14/2015,01/30/2015,02/12/2015,03/03/2015,NA,19,16,13,19,NA
Beruski,23,CV,2015,11/13/2014,2,Nov,Growth stage,CAL,2,5,NA,High,2314.8,93,NA,125,43,12/26/2014,01/14/2015,01/30/2015,02/12/2015,03/03/2015,NA,19,16,13,19,NA
Beruski,23,CV,2015,11/13/2014,2,Nov,Growth stage,CAL,3,5,NA,High,2638.9,95,NA,142.5,43,12/26/2014,01/14/2015,01/30/2015,02/12/2015,03/03/2015,NA,19,16,13,19,NA
Beruski,23,CV,2015,11/13/2014,2,Nov,Growth stage,CAL,4,5,NA,High,2963,90,NA,160,43,12/26/2014,01/14/2015,01/30/2015,02/12/2015,03/03/2015,NA,19,16,13,19,NA
Beruski,23,CV,2015,11/13/2014,2,Nov,None,UNT,1,0,NA,High,1092.6,100,NA,59,NA,NA,NA,NA,NA,NA,NA,NA,NA,NA,NA,NA
Beruski,23,CV,2015,11/13/2014,2,Nov,None,UNT,2,0,NA,High,1175.9,100,NA,63.5,NA,NA,NA,NA,NA,NA,NA,NA,NA,NA,NA,NA
Beruski,23,CV,2015,11/13/2014,2,Nov,None,UNT,3,0,NA,High,1370.4,100,NA,74,NA,NA,NA,NA,NA,NA,NA,NA,NA,NA,NA,NA
Beruski,23,CV,2015,11/13/2014,2,Nov,None,UNT,4,0,NA,High,1213,100,NA,65.5,NA,NA,NA,NA,NA,NA,NA,NA,NA,NA,NA,NA
Beruski,24,CV,2015,12/12/2014,3,Dec,LWDxT,DVIP9,1,5,NA,High,768.5,70,NA,41.5,47,01/28/2015,02/06/2015,02/21/2015,03/10/2015,03/25/2015,NA,9,15,17,15,NA
Beruski,24,CV,2015,12/12/2014,3,Dec,LWDxT,DVIP9,2,5,NA,High,509.3,75,NA,27.5,47,01/28/2015,02/06/2015,02/21/2015,03/10/2015,03/25/2015,NA,9,15,17,15,NA
Beruski,24,CV,2015,12/12/2014,3,Dec,LWDxT,DVIP9,3,5,NA,High,870.4,80,NA,47,47,01/28/2015,02/06/2015,02/21/2015,03/10/2015,03/25/2015,NA,9,15,17,15,NA
Beruski,24,CV,2015,12/12/2014,3,Dec,LWDxT,DVIP9,4,5,NA,High,1157.4,80,NA,62.5,47,01/28/2015,02/06/2015,02/21/2015,03/10/2015,03/25/2015,NA,9,15,17,15,NA
Beruski,24,CV,2015,12/12/2014,3,Dec,LWDxT,DVIP6,1,5,NA,High,1064.8,70,NA,57.5,47,01/28/2015,02/06/2015,02/21/2015,03/10/2015,03/25/2015,NA,9,15,17,15,NA
Beruski,24,CV,2015,12/12/2014,3,Dec,LWDxT,DVIP6,2,5,NA,High,703.7,80,NA,38,47,01/28/2015,02/06/2015,02/21/2015,03/10/2015,03/25/2015,NA,9,15,17,15,NA
Beruski,24,CV,2015,12/12/2014,3,Dec,LWDxT,DVIP6,3,5,NA,High,750,80,NA,40.5,47,01/28/2015,02/06/2015,02/21/2015,03/10/2015,03/25/2015,NA,9,15,17,15,NA
Beruski,24,CV,2015,12/12/2014,3,Dec,LWDxT,DVIP6,4,5,NA,High,870.4,80,NA,47,47,01/28/2015,02/06/2015,02/21/2015,03/10/2015,03/25/2015,NA,9,15,17,15,NA
Beruski,24,CV,2015,12/12/2014,3,Dec,Rainfall,DSV50,1,5,NA,High,713,60,NA,38.5,47,01/28/2015,02/06/2015,02/21/2015,03/10/2015,03/25/2015,NA,9,15,17,15,NA
Beruski,24,CV,2015,12/12/2014,3,Dec,Rainfall,DSV50,2,5,NA,High,990.7,75,NA,53.5,47,01/28/2015,02/06/2015,02/21/2015,03/10/2015,03/25/2015,NA,9,15,17,15,NA
Beruski,24,CV,2015,12/12/2014,3,Dec,Rainfall,DSV50,3,5,NA,High,713,70,NA,38.5,47,01/28/2015,02/06/2015,02/21/2015,03/10/2015,03/25/2015,NA,9,15,17,15,NA
Beruski,24,CV,2015,12/12/2014,3,Dec,Rainfall,DSV50,4,5,NA,High,1064.8,70,NA,57.5,47,01/28/2015,02/06/2015,02/21/2015,03/10/2015,03/25/2015,NA,9,15,17,15,NA
Beruski,24,CV,2015,12/12/2014,3,Dec,Rainfall,DSV80,1,3,NA,High,500,100,NA,27,75,02/25/2015,03/12/2015,03/25/2015,NA,NA,NA,15,13,NA,NA,NA
Beruski,24,CV,2015,12/12/2014,3,Dec,Rainfall,DSV80,2,3,NA,High,398.1,100,NA,21.5,75,02/25/2015,03/12/2015,03/25/2015,NA,NA,NA,15,13,NA,NA,NA
Beruski,24,CV,2015,12/12/2014,3,Dec,Rainfall,DSV80,3,3,NA,High,740.7,100,NA,40,75,02/25/2015,03/12/2015,03/25/2015,NA,NA,NA,15,13,NA,NA,NA
Beruski,24,CV,2015,12/12/2014,3,Dec,Rainfall,DSV80,4,3,NA,High,416.7,100,NA,22.5,75,02/25/2015,03/12/2015,03/25/2015,NA,NA,NA,15,13,NA,NA,NA
Beruski,24,CV,2015,12/12/2014,3,Dec,Growth stage,CAL,1,3,NA,High,463,100,NA,25,75,02/25/2015,03/12/2015,03/25/2015,NA,NA,NA,15,13,NA,NA,NA
Beruski,24,CV,2015,12/12/2014,3,Dec,Growth stage,CAL,2,3,NA,High,453.7,100,NA,24.5,75,02/25/2015,03/12/2015,03/25/2015,NA,NA,NA,15,13,NA,NA,NA
Beruski,24,CV,2015,12/12/2014,3,Dec,Growth stage,CAL,3,3,NA,High,648.1,100,NA,35,75,02/25/2015,03/12/2015,03/25/2015,NA,NA,NA,15,13,NA,NA,NA
Beruski,24,CV,2015,12/12/2014,3,Dec,Growth stage,CAL,4,3,NA,High,481.5,100,NA,26,75,02/25/2015,03/12/2015,03/25/2015,NA,NA,NA,15,13,NA,NA,NA
Beruski,24,CV,2015,12/12/2014,3,Dec,None,UNT,1,0,NA,High,250,100,NA,13.5,NA,NA,NA,NA,NA,NA,NA,NA,NA,NA,NA,NA
Beruski,24,CV,2015,12/12/2014,3,Dec,None,UNT,2,0,NA,High,435.2,100,NA,23.5,NA,NA,NA,NA,NA,NA,NA,NA,NA,NA,NA,NA
Beruski,24,CV,2015,12/12/2014,3,Dec,None,UNT,3,0,NA,High,416.7,100,NA,22.5,NA,NA,NA,NA,NA,NA,NA,NA,NA,NA,NA,NA
Beruski,24,CV,2015,12/12/2014,3,Dec,None,UNT,4,0,NA,High,305.6,100,NA,16.5,NA,NA,NA,NA,NA,NA,NA,NA,NA,NA,NA,NA
Beruski,25,CV,2016,10/23/2015,1,Oct,Growth stage,CAL,1,5,NA,Low,2843.2,80,NA,103.4,49,12/11/2015,12/24/2015,01/06/2016,01/20/2016,02/02/2016,NA,13,13,14,13,NA
Beruski,25,CV,2016,10/23/2015,1,Oct,Growth stage,CAL,2,5,NA,Low,2952.8,85,NA,117,49,12/11/2015,12/24/2015,01/06/2016,01/20/2016,02/02/2016,NA,13,13,14,13,NA
Beruski,25,CV,2016,10/23/2015,1,Oct,Growth stage,CAL,3,5,NA,Low,3723,78,NA,118.1,49,12/11/2015,12/24/2015,01/06/2016,01/20/2016,02/02/2016,NA,13,13,14,13,NA
Beruski,25,CV,2016,10/23/2015,1,Oct,Growth stage,CAL,4,5,NA,Low,3301.2,75,NA,118,49,12/11/2015,12/24/2015,01/06/2016,01/20/2016,02/02/2016,NA,13,13,14,13,NA
Beruski,25,CV,2016,10/23/2015,1,Oct,Rainfall,DSV50,1,4,NA,Low,2869,80,NA,102.1,49,12/11/2015,01/06/2016,01/20/2016,02/02/2016,NA,NA,26,14,13,NA,NA
Beruski,25,CV,2016,10/23/2015,1,Oct,Rainfall,DSV50,2,4,NA,Low,2894.1,85,NA,114.7,49,12/11/2015,01/06/2016,01/20/2016,02/02/2016,NA,NA,26,14,13,NA,NA
Beruski,25,CV,2016,10/23/2015,1,Oct,Rainfall,DSV50,3,4,NA,Low,2875.3,80,NA,118.6,49,12/11/2015,01/06/2016,01/20/2016,02/02/2016,NA,NA,26,14,13,NA,NA
Beruski,25,CV,2016,10/23/2015,1,Oct,Rainfall,DSV50,4,4,NA,Low,2875.6,75,NA,125.8,49,12/11/2015,01/06/2016,01/20/2016,02/02/2016,NA,NA,26,14,13,NA,NA
Beruski,25,CV,2016,10/23/2015,1,Oct,LWDxT,DVIP9,1,4,NA,Low,2948,80,NA,106.9,38,11/30/2015,01/05/2016,01/20/2016,02/02/2016,NA,NA,36,15,13,NA,NA
Beruski,25,CV,2016,10/23/2015,1,Oct,LWDxT,DVIP9,2,4,NA,Low,2917.1,85,NA,111.2,38,11/30/2015,01/05/2016,01/20/2016,02/02/2016,NA,NA,36,15,13,NA,NA
Beruski,25,CV,2016,10/23/2015,1,Oct,LWDxT,DVIP9,3,4,NA,Low,2992.3,85,NA,122.5,38,11/30/2015,01/05/2016,01/20/2016,02/02/2016,NA,NA,36,15,13,NA,NA
Beruski,25,CV,2016,10/23/2015,1,Oct,LWDxT,DVIP9,4,4,NA,Low,2948,80,NA,126.3,38,11/30/2015,01/05/2016,01/20/2016,02/02/2016,NA,NA,36,15,13,NA,NA
Beruski,25,CV,2016,10/23/2015,1,Oct,LWDxT,DVIP6,1,4,NA,Low,2546.2,80,NA,105.2,38,11/30/2015,01/05/2016,01/20/2016,02/02/2016,NA,NA,36,15,13,NA,NA
Beruski,25,CV,2016,10/23/2015,1,Oct,LWDxT,DVIP6,2,4,NA,Low,2590.3,85,NA,106.1,38,11/30/2015,01/05/2016,01/20/2016,02/02/2016,NA,NA,36,15,13,NA,NA
Beruski,25,CV,2016,10/23/2015,1,Oct,LWDxT,DVIP6,3,4,NA,Low,3408.3,83,NA,120.8,38,11/30/2015,01/05/2016,01/20/2016,02/02/2016,NA,NA,36,15,13,NA,NA
Beruski,25,CV,2016,10/23/2015,1,Oct,LWDxT,DVIP6,4,4,NA,Low,2921.6,85,NA,116.4,38,11/30/2015,01/05/2016,01/20/2016,02/02/2016,NA,NA,36,15,13,NA,NA
Beruski,25,CV,2016,10/23/2015,1,Oct,Rainfall,DSV80,1,2,NA,Low,2678.5,80,NA,103.3,81,01/12/2016,02/28/2016,NA,NA,NA,NA,47,NA,NA,NA,NA
Beruski,25,CV,2016,10/23/2015,1,Oct,Rainfall,DSV80,2,2,NA,Low,2988.2,80,NA,106.8,81,01/12/2016,02/28/2016,NA,NA,NA,NA,47,NA,NA,NA,NA
Beruski,25,CV,2016,10/23/2015,1,Oct,Rainfall,DSV80,3,2,NA,Low,3421.4,78,NA,114.4,81,01/12/2016,02/28/2016,NA,NA,NA,NA,47,NA,NA,NA,NA
Beruski,25,CV,2016,10/23/2015,1,Oct,Rainfall,DSV80,4,2,NA,Low,3035.6,83,NA,124.3,81,01/12/2016,02/28/2016,NA,NA,NA,NA,47,NA,NA,NA,NA
Beruski,25,CV,2016,10/23/2015,1,Oct,None,UNT,1,0,NA,Low,2515.6,98,NA,100.4,NA,NA,NA,NA,NA,NA,NA,NA,NA,NA,NA,NA
Beruski,25,CV,2016,10/23/2015,1,Oct,None,UNT,2,0,NA,Low,2716.1,98,NA,107.4,NA,NA,NA,NA,NA,NA,NA,NA,NA,NA,NA,NA
Beruski,25,CV,2016,10/23/2015,1,Oct,None,UNT,3,0,NA,Low,2816.4,98,NA,113.3,NA,NA,NA,NA,NA,NA,NA,NA,NA,NA,NA,NA
Beruski,25,CV,2016,10/23/2015,1,Oct,None,UNT,4,0,NA,Low,3172.9,97,NA,117.4,NA,NA,NA,NA,NA,NA,NA,NA,NA,NA,NA,NA
Beruski,26,CV,2016,11/7/2015,2,Nov,Rainfall,DSV50,1,4,NA,Low,2610.9,95,NA,83.5,59,01/05/2016,01/20/2016,02/02/2016,02/19/2016,NA,NA,15,13,17,NA,NA
Beruski,26,CV,2016,11/7/2015,2,Nov,Rainfall,DSV50,2,4,NA,Low,2696.1,95,NA,92.64,59,01/05/2016,01/20/2016,02/02/2016,02/19/2016,NA,NA,15,13,17,NA,NA
Beruski,26,CV,2016,11/7/2015,2,Nov,Rainfall,DSV50,3,4,NA,Low,2801.5,97,NA,93.2,59,01/05/2016,01/20/2016,02/02/2016,02/19/2016,NA,NA,15,13,17,NA,NA
Beruski,26,CV,2016,11/7/2015,2,Nov,Rainfall,DSV50,4,4,NA,Low,2567.8,95,NA,94.4,59,01/05/2016,01/20/2016,02/02/2016,02/19/2016,NA,NA,15,13,17,NA,NA
Beruski,26,CV,2016,11/7/2015,2,Nov,Growth stage,CAL,1,4,NA,Low,2751.2,90,NA,95.2,60,01/06/2016,01/20/2016,02/02/2016,02/15/2016,NA,NA,14,13,13,NA,NA
Beruski,26,CV,2016,11/7/2015,2,Nov,Growth stage,CAL,2,4,NA,Low,2320,93,NA,81.15,60,01/06/2016,01/20/2016,02/02/2016,02/15/2016,NA,NA,14,13,13,NA,NA
Beruski,26,CV,2016,11/7/2015,2,Nov,Growth stage,CAL,3,4,NA,Low,2474.7,95,NA,89.25,60,01/06/2016,01/20/2016,02/02/2016,02/15/2016,NA,NA,14,13,13,NA,NA
Beruski,26,CV,2016,11/7/2015,2,Nov,Growth stage,CAL,4,4,NA,Low,2769.4,90,NA,88.06,60,01/06/2016,01/20/2016,02/02/2016,02/15/2016,NA,NA,14,13,13,NA,NA
Beruski,26,CV,2016,11/7/2015,2,Nov,LWDxT,DVIP9,1,5,NA,Low,2557.6,93,NA,86.65,39,12/16/2015,01/06/2016,01/20/2016,02/02/2016,02/19/2016,NA,21,14,13,17,NA
Beruski,26,CV,2016,11/7/2015,2,Nov,LWDxT,DVIP9,2,5,NA,Low,2172,97,NA,90.46,39,12/16/2015,01/06/2016,01/20/2016,02/02/2016,02/19/2016,NA,21,14,13,17,NA
Beruski,26,CV,2016,11/7/2015,2,Nov,LWDxT,DVIP9,3,5,NA,Low,2820,95,NA,101.45,39,12/16/2015,01/06/2016,01/20/2016,02/02/2016,02/19/2016,NA,21,14,13,17,NA
Beruski,26,CV,2016,11/7/2015,2,Nov,LWDxT,DVIP9,4,5,NA,Low,1981.4,93,NA,84.89,39,12/16/2015,01/06/2016,01/20/2016,02/02/2016,02/19/2016,NA,21,14,13,17,NA
Beruski,26,CV,2016,11/7/2015,2,Nov,LWDxT,DVIP6,1,5,NA,Low,2295.7,88,NA,83.23,39,12/16/2015,01/06/2016,01/20/2016,02/02/2016,02/19/2016,NA,21,14,13,17,NA
Beruski,26,CV,2016,11/7/2015,2,Nov,LWDxT,DVIP6,2,5,NA,Low,2502.2,95,NA,104.23,39,12/16/2015,01/06/2016,01/20/2016,02/02/2016,02/19/2016,NA,21,14,13,17,NA
Beruski,26,CV,2016,11/7/2015,2,Nov,LWDxT,DVIP6,3,5,NA,Low,2433.7,93,NA,88.86,39,12/16/2015,01/06/2016,01/20/2016,02/02/2016,02/19/2016,NA,21,14,13,17,NA
Beruski,26,CV,2016,11/7/2015,2,Nov,LWDxT,DVIP6,4,5,NA,Low,2408.5,95,NA,90.4,39,12/16/2015,01/06/2016,01/20/2016,02/02/2016,02/19/2016,NA,21,14,13,17,NA
Beruski,26,CV,2016,11/7/2015,2,Nov,Rainfall,DSV80,1,3,NA,Low,2635.3,90,NA,85.95,66,01/12/2016,01/28/2016,02/12/2016,NA,NA,NA,16,15,NA,NA,NA
Beruski,26,CV,2016,11/7/2015,2,Nov,Rainfall,DSV80,2,3,NA,Low,2545,95,NA,92.5,66,01/12/2016,01/28/2016,02/12/2016,NA,NA,NA,16,15,NA,NA,NA
Beruski,26,CV,2016,11/7/2015,2,Nov,Rainfall,DSV80,3,3,NA,Low,2733.1,95,NA,93.13,66,01/12/2016,01/28/2016,02/12/2016,NA,NA,NA,16,15,NA,NA,NA
Beruski,26,CV,2016,11/7/2015,2,Nov,Rainfall,DSV80,4,3,NA,Low,2226.2,95,NA,89.5,66,01/12/2016,01/28/2016,02/12/2016,NA,NA,NA,16,15,NA,NA,NA
Beruski,26,CV,2016,11/7/2015,2,Nov,None,UNT,1,0,NA,Low,2141.8,100,NA,77.6,NA,NA,NA,NA,NA,NA,NA,NA,NA,NA,NA,NA
Beruski,26,CV,2016,11/7/2015,2,Nov,None,UNT,2,0,NA,Low,1749.6,100,NA,81,NA,NA,NA,NA,NA,NA,NA,NA,NA,NA,NA,NA
Beruski,26,CV,2016,11/7/2015,2,Nov,None,UNT,3,0,NA,Low,1450.4,100,NA,78.8,NA,NA,NA,NA,NA,NA,NA,NA,NA,NA,NA,NA
Beruski,26,CV,2016,11/7/2015,2,Nov,None,UNT,4,0,NA,Low,2377.7,100,NA,77.8,NA,NA,NA,NA,NA,NA,NA,NA,NA,NA,NA,NA
Beruski,27,CV,2016,12/9/2015,3,Dec,Growth stage,CAL,1,4,NA,High,1803.1,100,NA,96.68,50,01/28/2016,02/12/2016,02/26/2016,03/14/2016,NA,NA,15,14,17,NA,NA
Beruski,27,CV,2016,12/9/2015,3,Dec,Growth stage,CAL,2,4,NA,High,1401.5,100,NA,84.51,50,01/28/2016,02/12/2016,02/26/2016,03/14/2016,NA,NA,15,14,17,NA,NA
Beruski,27,CV,2016,12/9/2015,3,Dec,Growth stage,CAL,3,4,NA,High,1359.8,100,NA,90.91,50,01/28/2016,02/12/2016,02/26/2016,03/14/2016,NA,NA,15,14,17,NA,NA
Beruski,27,CV,2016,12/9/2015,3,Dec,Growth stage,CAL,4,4,NA,High,1339.5,100,NA,99.56,50,01/28/2016,02/12/2016,02/26/2016,03/14/2016,NA,NA,15,14,17,NA,NA
Beruski,27,CV,2016,12/9/2015,3,Dec,LWDxT,DVIP9,1,4,NA,High,1831,70,NA,87.6,34,01/12/2016,01/28/2016,02/12/2016,02/26/2016,NA,NA,16,15,14,NA,NA
Beruski,27,CV,2016,12/9/2015,3,Dec,LWDxT,DVIP9,2,4,NA,High,1326,75,NA,91.14,34,01/12/2016,01/28/2016,02/12/2016,02/26/2016,NA,NA,16,15,14,NA,NA
Beruski,27,CV,2016,12/9/2015,3,Dec,LWDxT,DVIP9,3,4,NA,High,1150.2,80,NA,85.73,34,01/12/2016,01/28/2016,02/12/2016,02/26/2016,NA,NA,16,15,14,NA,NA
Beruski,27,CV,2016,12/9/2015,3,Dec,LWDxT,DVIP9,4,4,NA,High,877.5,80,NA,84.59,34,01/12/2016,01/28/2016,02/12/2016,02/26/2016,NA,NA,16,15,14,NA,NA
Beruski,27,CV,2016,12/9/2015,3,Dec,LWDxT,DVIP6,1,4,NA,High,1175,70,NA,93.81,34,01/12/2016,01/28/2016,02/12/2016,02/26/2016,NA,NA,16,15,14,NA,NA
Beruski,27,CV,2016,12/9/2015,3,Dec,LWDxT,DVIP6,2,4,NA,High,973,80,NA,70.76,34,01/12/2016,01/28/2016,02/12/2016,02/26/2016,NA,NA,16,15,14,NA,NA
Beruski,27,CV,2016,12/9/2015,3,Dec,LWDxT,DVIP6,3,4,NA,High,1164,80,NA,72.28,34,01/12/2016,01/28/2016,02/12/2016,02/26/2016,NA,NA,16,15,14,NA,NA
Beruski,27,CV,2016,12/9/2015,3,Dec,LWDxT,DVIP6,4,4,NA,High,1343.1,80,NA,71.95,34,01/12/2016,01/28/2016,02/12/2016,02/26/2016,NA,NA,16,15,14,NA,NA
Beruski,27,CV,2016,12/9/2015,3,Dec,Rainfall,DSV50,1,4,NA,High,1579.6,60,NA,83.88,37,01/15/2016,02/02/2016,02/19/2016,03/04/2016,NA,NA,18,17,14,NA,NA
Beruski,27,CV,2016,12/9/2015,3,Dec,Rainfall,DSV50,2,4,NA,High,1157.5,75,NA,75.93,37,01/15/2016,02/02/2016,02/19/2016,03/04/2016,NA,NA,18,17,14,NA,NA
Beruski,27,CV,2016,12/9/2015,3,Dec,Rainfall,DSV50,3,4,NA,High,1272.1,70,NA,87.93,37,01/15/2016,02/02/2016,02/19/2016,03/04/2016,NA,NA,18,17,14,NA,NA
Beruski,27,CV,2016,12/9/2015,3,Dec,Rainfall,DSV50,4,4,NA,High,1592.4,70,NA,84.65,37,01/15/2016,02/02/2016,02/19/2016,03/04/2016,NA,NA,18,17,14,NA,NA
Beruski,27,CV,2016,12/9/2015,3,Dec,Rainfall,DSV80,1,4,NA,High,1472.5,100,NA,87.24,50,01/28/2016,02/12/2016,02/26/2016,03/09/2016,NA,NA,15,14,12,NA,NA
Beruski,27,CV,2016,12/9/2015,3,Dec,Rainfall,DSV80,2,4,NA,High,1325.3,100,NA,81.94,50,01/28/2016,02/12/2016,02/26/2016,03/09/2016,NA,NA,15,14,12,NA,NA
Beruski,27,CV,2016,12/9/2015,3,Dec,Rainfall,DSV80,3,4,NA,High,1398.3,100,NA,88.6,50,01/28/2016,02/12/2016,02/26/2016,03/09/2016,NA,NA,15,14,12,NA,NA
Beruski,27,CV,2016,12/9/2015,3,Dec,Rainfall,DSV80,4,4,NA,High,1398.3,100,NA,85.53,50,01/28/2016,02/12/2016,02/26/2016,03/09/2016,NA,NA,15,14,12,NA,NA
Beruski,27,CV,2016,12/9/2015,3,Dec,None,UNT,1,0,NA,High,727.4,100,NA,64.8,NA,NA,NA,NA,NA,NA,NA,NA,NA,NA,NA,NA
Beruski,27,CV,2016,12/9/2015,3,Dec,None,UNT,2,0,NA,High,498.8,100,NA,64,NA,NA,NA,NA,NA,NA,NA,NA,NA,NA,NA,NA
Beruski,27,CV,2016,12/9/2015,3,Dec,None,UNT,3,0,NA,High,611,100,NA,63.7,NA,NA,NA,NA,NA,NA,NA,NA,NA,NA,NA,NA
Beruski,27,CV,2016,12/9/2015,3,Dec,None,UNT,4,0,NA,High,837.1,100,NA,60.7,NA,NA,NA,NA,NA,NA,NA,NA,NA,NA,NA,NA
Beruski,28,PP,2016,11/6/2015,2,Nov,Rainfall,DSV80,1,4,NA,Low,3332.6,80,NA,128.51,69,01/14/2016,01/29/2016,02/12/2016,02/29/2016,NA,NA,15,14,17,NA,NA
Beruski,28,PP,2016,11/6/2015,2,Nov,Rainfall,DSV80,2,4,NA,Low,3567,93,NA,115.93,69,01/14/2016,01/29/2016,02/12/2016,02/29/2016,NA,NA,15,14,17,NA,NA
Beruski,28,PP,2016,11/6/2015,2,Nov,Rainfall,DSV80,3,4,NA,Low,3901.9,95,NA,117.7,69,01/14/2016,01/29/2016,02/12/2016,02/29/2016,NA,NA,15,14,17,NA,NA
Beruski,28,PP,2016,11/6/2015,2,Nov,Rainfall,DSV80,4,4,NA,Low,3404.1,88,NA,109.24,69,01/14/2016,01/29/2016,02/12/2016,02/29/2016,NA,NA,15,14,17,NA,NA
Beruski,28,PP,2016,11/6/2015,2,Nov,Rainfall,DSV50,1,4,NA,Low,2995.4,90,NA,117.49,67,01/12/2016,01/29/2016,02/12/2016,02/29/2016,NA,NA,17,14,17,NA,NA
Beruski,28,PP,2016,11/6/2015,2,Nov,Rainfall,DSV50,2,4,NA,Low,2805,90,NA,118.91,67,01/12/2016,01/29/2016,02/12/2016,02/29/2016,NA,NA,17,14,17,NA,NA
Beruski,28,PP,2016,11/6/2015,2,Nov,Rainfall,DSV50,3,4,NA,Low,2834.6,95,NA,115.64,67,01/12/2016,01/29/2016,02/12/2016,02/29/2016,NA,NA,17,14,17,NA,NA
Beruski,28,PP,2016,11/6/2015,2,Nov,Rainfall,DSV50,4,4,NA,Low,2787.5,95,NA,109.25,67,01/12/2016,01/29/2016,02/12/2016,02/29/2016,NA,NA,17,14,17,NA,NA
Beruski,28,PP,2016,11/6/2015,2,Nov,LWDxT,DVIP6,1,5,NA,Low,2819.1,90,NA,113.19,39,12/15/2015,01/08/2016,01/29/2016,02/15/2016,02/29/2016,NA,24,21,17,14,NA
Beruski,28,PP,2016,11/6/2015,2,Nov,LWDxT,DVIP6,2,5,NA,Low,3017.9,90,NA,122.84,39,12/15/2015,01/08/2016,01/29/2016,02/15/2016,02/29/2016,NA,24,21,17,14,NA
Beruski,28,PP,2016,11/6/2015,2,Nov,LWDxT,DVIP6,3,5,NA,Low,3733.6,93,NA,117.51,39,12/15/2015,01/08/2016,01/29/2016,02/15/2016,02/29/2016,NA,24,21,17,14,NA
Beruski,28,PP,2016,11/6/2015,2,Nov,LWDxT,DVIP6,4,5,NA,Low,3521.5,88,NA,111.84,39,12/15/2015,01/08/2016,01/29/2016,02/15/2016,02/29/2016,NA,24,21,17,14,NA
Beruski,28,PP,2016,11/6/2015,2,Nov,Growth stage,CAL,1,4,NA,Low,3924.6,80,NA,115.59,53,12/29/2015,01/12/2016,01/25/2016,02/07/2016,NA,NA,14,13,13,NA,NA
Beruski,28,PP,2016,11/6/2015,2,Nov,Growth stage,CAL,2,4,NA,Low,3759,97,NA,119.49,53,12/29/2015,01/12/2016,01/25/2016,02/07/2016,NA,NA,14,13,13,NA,NA
Beruski,28,PP,2016,11/6/2015,2,Nov,Growth stage,CAL,3,4,NA,Low,3185.9,97,NA,114.43,53,12/29/2015,01/12/2016,01/25/2016,02/07/2016,NA,NA,14,13,13,NA,NA
Beruski,28,PP,2016,11/6/2015,2,Nov,Growth stage,CAL,4,4,NA,Low,3703.5,97,NA,109.04,53,12/29/2015,01/12/2016,01/25/2016,02/07/2016,NA,NA,14,13,13,NA,NA
Beruski,28,PP,2016,11/6/2015,2,Nov,LWDxT,DVIP9,1,3,NA,Low,2490.2,95,NA,112.8,67,01/12/2016,01/29/2016,02/15/2016,NA,NA,NA,17,17,NA,NA,NA
Beruski,28,PP,2016,11/6/2015,2,Nov,LWDxT,DVIP9,2,3,NA,Low,3207.3,88,NA,123.3,67,01/12/2016,01/29/2016,02/15/2016,NA,NA,NA,17,17,NA,NA,NA
Beruski,28,PP,2016,11/6/2015,2,Nov,LWDxT,DVIP9,3,3,NA,Low,2915.5,90,NA,119.13,67,01/12/2016,01/29/2016,02/15/2016,NA,NA,NA,17,17,NA,NA,NA
Beruski,28,PP,2016,11/6/2015,2,Nov,LWDxT,DVIP9,4,3,NA,Low,3203.8,93,NA,108.55,67,01/12/2016,01/29/2016,02/15/2016,NA,NA,NA,17,17,NA,NA,NA
Beruski,28,PP,2016,11/6/2015,2,Nov,None,UNT,1,0,NA,Low,2394.1,100,NA,103.5,NA,NA,NA,NA,NA,NA,NA,NA,NA,NA,NA,NA
Beruski,28,PP,2016,11/6/2015,2,Nov,None,UNT,2,0,NA,Low,2061.8,100,NA,102.4,NA,NA,NA,NA,NA,NA,NA,NA,NA,NA,NA,NA
Beruski,28,PP,2016,11/6/2015,2,Nov,None,UNT,3,0,NA,Low,2276.5,100,NA,99.8,NA,NA,NA,NA,NA,NA,NA,NA,NA,NA,NA,NA
Beruski,28,PP,2016,11/6/2015,2,Nov,None,UNT,4,0,NA,Low,2666.2,100,NA,96.6,NA,NA,NA,NA,NA,NA,NA,NA,NA,NA,NA,NA
Beruski,29,PP,2016,12/3/2015,3,Dec,Rainfall,DSV50,1,5,NA,High,2652.9,88,NA,97.24,40,01/12/2016,01/29/2016,02/12/2016,02/29/2016,03/15/2016,NA,17,14,17,15,NA
Beruski,29,PP,2016,12/3/2015,3,Dec,Rainfall,DSV50,2,5,NA,High,3676.7,88,NA,103.3,40,01/12/2016,01/29/2016,02/12/2016,02/29/2016,03/15/2016,NA,17,14,17,15,NA
Beruski,29,PP,2016,12/3/2015,3,Dec,Rainfall,DSV50,3,5,NA,High,2730.8,85,NA,103.24,40,01/12/2016,01/29/2016,02/12/2016,02/29/2016,03/15/2016,NA,17,14,17,15,NA
Beruski,29,PP,2016,12/3/2015,3,Dec,Rainfall,DSV50,4,5,NA,High,2707.5,83,NA,98.09,40,01/12/2016,01/29/2016,02/12/2016,02/29/2016,03/15/2016,NA,17,14,17,15,NA
Beruski,29,PP,2016,12/3/2015,3,Dec,Growth stage,CAL,1,4,NA,High,1922.2,100,NA,68.68,60,02/01/2016,02/15/2016,02/29/2016,03/15/2016,NA,NA,14,14,15,NA,NA
Beruski,29,PP,2016,12/3/2015,3,Dec,Growth stage,CAL,2,4,NA,High,2085.5,100,NA,82.96,60,02/01/2016,02/15/2016,02/29/2016,03/15/2016,NA,NA,14,14,15,NA,NA
Beruski,29,PP,2016,12/3/2015,3,Dec,Growth stage,CAL,3,4,NA,High,1784.5,100,NA,74.73,60,02/01/2016,02/15/2016,02/29/2016,03/15/2016,NA,NA,14,14,15,NA,NA
Beruski,29,PP,2016,12/3/2015,3,Dec,Growth stage,CAL,4,4,NA,High,1818.4,100,NA,63.89,60,02/01/2016,02/15/2016,02/29/2016,03/15/2016,NA,NA,14,14,15,NA,NA
Beruski,29,PP,2016,12/3/2015,3,Dec,Rainfall,DSV80,1,4,NA,High,2615.4,90,NA,93.86,57,01/29/2016,02/12/2016,02/29/2016,03/15/2016,NA,NA,14,17,15,NA,NA
Beruski,29,PP,2016,12/3/2015,3,Dec,Rainfall,DSV80,2,4,NA,High,2891.4,93,NA,101.58,57,01/29/2016,02/12/2016,02/29/2016,03/15/2016,NA,NA,14,17,15,NA,NA
Beruski,29,PP,2016,12/3/2015,3,Dec,Rainfall,DSV80,3,4,NA,High,3102.2,80,NA,102.3,57,01/29/2016,02/12/2016,02/29/2016,03/15/2016,NA,NA,14,17,15,NA,NA
Beruski,29,PP,2016,12/3/2015,3,Dec,Rainfall,DSV80,4,4,NA,High,2966.4,95,NA,98.95,57,01/29/2016,02/12/2016,02/29/2016,03/15/2016,NA,NA,14,17,15,NA,NA
Beruski,29,PP,2016,12/3/2015,3,Dec,LWDxT,DVIP6,1,5,NA,High,3158.9,80,NA,102.73,40,01/12/2016,01/29/2016,02/15/2016,02/29/2016,03/15/2016,NA,17,17,14,15,NA
Beruski,29,PP,2016,12/3/2015,3,Dec,LWDxT,DVIP6,2,5,NA,High,3655.2,88,NA,101.83,40,01/12/2016,01/29/2016,02/15/2016,02/29/2016,03/15/2016,NA,17,17,14,15,NA
Beruski,29,PP,2016,12/3/2015,3,Dec,LWDxT,DVIP6,3,5,NA,High,3195.1,90,NA,103.71,40,01/12/2016,01/29/2016,02/15/2016,02/29/2016,03/15/2016,NA,17,17,14,15,NA
Beruski,29,PP,2016,12/3/2015,3,Dec,LWDxT,DVIP6,4,5,NA,High,2769.4,90,NA,99.7,40,01/12/2016,01/29/2016,02/15/2016,02/29/2016,03/15/2016,NA,17,17,14,15,NA
Beruski,29,PP,2016,12/3/2015,3,Dec,LWDxT,DVIP9,1,3,NA,High,2563.5,98,NA,89.26,40,01/12/2016,01/29/2016,02/15/2016,NA,NA,NA,17,17,NA,NA,NA
Beruski,29,PP,2016,12/3/2015,3,Dec,LWDxT,DVIP9,2,3,NA,High,2906.4,98,NA,84.28,40,01/12/2016,01/29/2016,02/15/2016,NA,NA,NA,17,17,NA,NA,NA
Beruski,29,PP,2016,12/3/2015,3,Dec,LWDxT,DVIP9,3,3,NA,High,2753.6,98,NA,93.98,40,01/12/2016,01/29/2016,02/15/2016,NA,NA,NA,17,17,NA,NA,NA
Beruski,29,PP,2016,12/3/2015,3,Dec,LWDxT,DVIP9,4,3,NA,High,2708.3,98,NA,85.85,40,01/12/2016,01/29/2016,02/15/2016,NA,NA,NA,17,17,NA,NA,NA
Beruski,29,PP,2016,12/3/2015,3,Dec,None,UNT,1,0,NA,High,1868.3,100,NA,73,NA,NA,NA,NA,NA,NA,NA,NA,NA,NA,NA,NA
Beruski,29,PP,2016,12/3/2015,3,Dec,None,UNT,2,0,NA,High,2055,100,NA,70.7,NA,NA,NA,NA,NA,NA,NA,NA,NA,NA,NA,NA
Beruski,29,PP,2016,12/3/2015,3,Dec,None,UNT,3,0,NA,High,1787.8,100,NA,75.4,NA,NA,NA,NA,NA,NA,NA,NA,NA,NA,NA,NA
Beruski,29,PP,2016,12/3/2015,3,Dec,None,UNT,4,0,NA,High,1810,100,NA,66.3,NA,NA,NA,NA,NA,NA,NA,NA,NA,NA,NA,NA
